/****************************************************************************
** Resource object code
**
** Created by: The Resource Compiler for Qt version 6.10.0
**
** WARNING! All changes made in this file will be lost!
*****************************************************************************/

#ifdef _MSC_VER
// disable informational message "function ... selected for automatic inline expansion"
#pragma warning (disable: 4711)
#endif

static const unsigned char qt_resource_data[] = {
  // DobotArm.ui.qml
  0x0,0x0,0xd,0x29,
  0x2f,
  0x2f,0x20,0x44,0x6f,0x62,0x6f,0x74,0x20,0x4d,0x61,0x67,0x69,0x63,0x69,0x61,0x6e,
  0x20,0xeb,0xb2,0x84,0xec,0xa0,0x84,0x20,0x52,0x6f,0x62,0x6f,0x74,0x69,0x63,0x41,
  0x72,0x6d,0xa,0x2f,0x2f,0x20,0x43,0x6f,0x70,0x79,0x72,0x69,0x67,0x68,0x74,0x20,
  0x28,0x43,0x29,0x20,0x32,0x30,0x32,0x32,0x20,0x54,0x68,0x65,0x20,0x51,0x74,0x20,
  0x43,0x6f,0x6d,0x70,0x61,0x6e,0x79,0x20,0x4c,0x74,0x64,0x2e,0xa,0x2f,0x2f,0x20,
  0x53,0x50,0x44,0x58,0x2d,0x4c,0x69,0x63,0x65,0x6e,0x73,0x65,0x2d,0x49,0x64,0x65,
  0x6e,0x74,0x69,0x66,0x69,0x65,0x72,0x3a,0x20,0x4c,0x69,0x63,0x65,0x6e,0x73,0x65,
  0x52,0x65,0x66,0x2d,0x51,0x74,0x2d,0x43,0x6f,0x6d,0x6d,0x65,0x72,0x63,0x69,0x61,
  0x6c,0x20,0x4f,0x52,0x20,0x42,0x53,0x44,0x2d,0x33,0x2d,0x43,0x6c,0x61,0x75,0x73,
  0x65,0xa,0xa,0x69,0x6d,0x70,0x6f,0x72,0x74,0x20,0x51,0x74,0x51,0x75,0x69,0x63,
  0x6b,0xa,0x69,0x6d,0x70,0x6f,0x72,0x74,0x20,0x51,0x74,0x51,0x75,0x69,0x63,0x6b,
  0x33,0x44,0xa,0xa,0x4e,0x6f,0x64,0x65,0x20,0x7b,0xa,0x20,0x20,0x20,0x20,0x69,
  0x64,0x3a,0x20,0x72,0x6f,0x6f,0x74,0x4e,0x6f,0x64,0x65,0xa,0xa,0x20,0x20,0x20,
  0x20,0x2f,0x2f,0x20,0x2d,0x2d,0x2d,0x2d,0x20,0xec,0x99,0xb8,0xeb,0xb6,0x80,0xec,
  0x97,0x90,0xec,0x84,0x9c,0x20,0xec,0xa0,0x9c,0xec,0x96,0xb4,0xed,0x95,0x98,0xeb,
  0x8a,0x94,0x20,0xea,0xb4,0x80,0xec,0xa0,0x88,0x20,0xea,0xb0,0x92,0x20,0x28,0xec,
  0x8a,0xac,0xeb,0x9d,0xbc,0xec,0x9d,0xb4,0xeb,0x8d,0x94,0xea,0xb0,0x80,0x20,0xec,
  0x97,0xb0,0xea,0xb2,0xb0,0xeb,0x90,0xa8,0x29,0x20,0x2d,0x2d,0x2d,0x2d,0xa,0x20,
  0x20,0x20,0x20,0x70,0x72,0x6f,0x70,0x65,0x72,0x74,0x79,0x20,0x69,0x6e,0x74,0x20,
  0x72,0x6f,0x74,0x61,0x74,0x69,0x6f,0x6e,0x31,0x20,0x20,0x20,0x20,0x2f,0x2f,0x20,
  0x62,0x61,0x73,0x65,0x2f,0x6a,0x6f,0x69,0x6e,0x74,0x31,0xa,0x20,0x20,0x20,0x20,
  0x70,0x72,0x6f,0x70,0x65,0x72,0x74,0x79,0x20,0x69,0x6e,0x74,0x20,0x72,0x6f,0x74,
  0x61,0x74,0x69,0x6f,0x6e,0x32,0x20,0x20,0x20,0x20,0x2f,0x2f,0x20,0x6a,0x6f,0x69,
  0x6e,0x74,0x32,0xa,0x20,0x20,0x20,0x20,0x70,0x72,0x6f,0x70,0x65,0x72,0x74,0x79,
  0x20,0x69,0x6e,0x74,0x20,0x72,0x6f,0x74,0x61,0x74,0x69,0x6f,0x6e,0x33,0x20,0x20,
  0x20,0x20,0x2f,0x2f,0x20,0x6a,0x6f,0x69,0x6e,0x74,0x33,0xa,0x20,0x20,0x20,0x20,
  0x70,0x72,0x6f,0x70,0x65,0x72,0x74,0x79,0x20,0x69,0x6e,0x74,0x20,0x72,0x6f,0x74,
  0x61,0x74,0x69,0x6f,0x6e,0x34,0x20,0x20,0x20,0x20,0x2f,0x2f,0x20,0x6a,0x6f,0x69,
  0x6e,0x74,0x34,0x20,0x28,0x77,0x72,0x69,0x73,0x74,0x29,0xa,0x20,0x20,0x20,0x20,
  0x70,0x72,0x6f,0x70,0x65,0x72,0x74,0x79,0x20,0x69,0x6e,0x74,0x20,0x63,0x6c,0x61,
  0x77,0x73,0x41,0x6e,0x67,0x6c,0x65,0x20,0x20,0x20,0x2f,0x2f,0x20,0xec,0x84,0x9d,
  0xec,0x85,0x98,0x20,0xea,0xb0,0x81,0xeb,0x8f,0x84,0x28,0xea,0xb8,0xb0,0xec,0x9a,
  0xb8,0xea,0xb8,0xb0,0x29,0xa,0xa,0x20,0x20,0x20,0x20,0x2f,0x2f,0x20,0x2d,0x2d,
  0x2d,0x2d,0x20,0x4e,0x6f,0x64,0x65,0x49,0x6e,0x64,0x69,0x63,0x61,0x74,0x6f,0x72,
  0xec,0x97,0x90,0xec,0x84,0x9c,0x20,0xec,0x93,0xb0,0xeb,0x8a,0x94,0x20,0xec,0x9c,
  0x84,0xec,0xb9,0x98,0x20,0xec,0xa0,0x95,0xeb,0xb3,0xb4,0x28,0x61,0x6c,0x69,0x61,
  0x73,0xeb,0xa7,0x8c,0x20,0xeb,0xa7,0x9e,0xec,0x9c,0xbc,0xeb,0xa9,0xb4,0x20,0xeb,
  0x90,0xa8,0x29,0x20,0x2d,0x2d,0x2d,0x2d,0xa,0x20,0x20,0x20,0x20,0x72,0x65,0x61,
  0x64,0x6f,0x6e,0x6c,0x79,0x20,0x70,0x72,0x6f,0x70,0x65,0x72,0x74,0x79,0x20,0x61,
  0x6c,0x69,0x61,0x73,0x20,0x68,0x61,0x6e,0x64,0x5f,0x70,0x6f,0x73,0x69,0x74,0x69,
  0x6f,0x6e,0x3a,0x20,0x73,0x75,0x63,0x74,0x69,0x6f,0x6e,0x54,0x69,0x70,0x2e,0x73,
  0x63,0x65,0x6e,0x65,0x50,0x6f,0x73,0x69,0x74,0x69,0x6f,0x6e,0xa,0x20,0x20,0x20,
  0x20,0x72,0x65,0x61,0x64,0x6f,0x6e,0x6c,0x79,0x20,0x70,0x72,0x6f,0x70,0x65,0x72,
  0x74,0x79,0x20,0x61,0x6c,0x69,0x61,0x73,0x20,0x68,0x61,0x6e,0x64,0x5f,0x68,0x69,
  0x6e,0x67,0x65,0x5f,0x70,0x6f,0x73,0x69,0x74,0x69,0x6f,0x6e,0x3a,0x20,0x6a,0x6f,
  0x69,0x6e,0x74,0x34,0x2e,0x73,0x63,0x65,0x6e,0x65,0x50,0x6f,0x73,0x69,0x74,0x69,
  0x6f,0x6e,0xa,0x20,0x20,0x20,0x20,0x72,0x65,0x61,0x64,0x6f,0x6e,0x6c,0x79,0x20,
  0x70,0x72,0x6f,0x70,0x65,0x72,0x74,0x79,0x20,0x61,0x6c,0x69,0x61,0x73,0x20,0x61,
  0x72,0x6d,0x5f,0x70,0x6f,0x73,0x69,0x74,0x69,0x6f,0x6e,0x3a,0x20,0x6a,0x6f,0x69,
  0x6e,0x74,0x33,0x2e,0x73,0x63,0x65,0x6e,0x65,0x50,0x6f,0x73,0x69,0x74,0x69,0x6f,
  0x6e,0xa,0x20,0x20,0x20,0x20,0x72,0x65,0x61,0x64,0x6f,0x6e,0x6c,0x79,0x20,0x70,
  0x72,0x6f,0x70,0x65,0x72,0x74,0x79,0x20,0x61,0x6c,0x69,0x61,0x73,0x20,0x66,0x6f,
  0x72,0x65,0x61,0x72,0x6d,0x5f,0x70,0x6f,0x73,0x69,0x74,0x69,0x6f,0x6e,0x3a,0x20,
  0x6a,0x6f,0x69,0x6e,0x74,0x32,0x2e,0x73,0x63,0x65,0x6e,0x65,0x50,0x6f,0x73,0x69,
  0x74,0x69,0x6f,0x6e,0xa,0x20,0x20,0x20,0x20,0x72,0x65,0x61,0x64,0x6f,0x6e,0x6c,
  0x79,0x20,0x70,0x72,0x6f,0x70,0x65,0x72,0x74,0x79,0x20,0x61,0x6c,0x69,0x61,0x73,
  0x20,0x72,0x6f,0x6f,0x74,0x5f,0x70,0x6f,0x73,0x69,0x74,0x69,0x6f,0x6e,0x3a,0x20,
  0x62,0x61,0x73,0x65,0x50,0x69,0x76,0x6f,0x74,0x2e,0x73,0x63,0x65,0x6e,0x65,0x50,
  0x6f,0x73,0x69,0x74,0x69,0x6f,0x6e,0xa,0xa,0x20,0x20,0x20,0x20,0x2f,0x2f,0x20,
  0x44,0x6f,0x62,0x6f,0x74,0x20,0xea,0xb4,0x80,0xec,0xa0,0x88,0x20,0xec,0x82,0xac,
  0xec,0x9d,0xb4,0x20,0xea,0xb1,0xb0,0xeb,0xa6,0xac,0x28,0xeb,0x8c,0x80,0xeb,0x9e,
  0xb5,0x20,0xea,0xb0,0x92,0x2c,0x20,0xed,0x95,0x84,0xec,0x9a,0x94,0xed,0x95,0x98,
  0xeb,0xa9,0xb4,0x20,0xec,0x8b,0xa4,0xed,0x96,0x89,0xed,0x95,0xb4,0x20,0xeb,0xb3,
  0xb4,0xeb,0xa9,0xb4,0xec,0x84,0x9c,0x20,0xec,0xa1,0xb0,0xec,0xa0,0x88,0x29,0xa,
  0x20,0x20,0x20,0x20,0x70,0x72,0x6f,0x70,0x65,0x72,0x74,0x79,0x20,0x72,0x65,0x61,
  0x6c,0x20,0x6c,0x69,0x6e,0x6b,0x31,0x4f,0x66,0x66,0x73,0x65,0x74,0x59,0x3a,0x20,
  0x31,0x32,0x30,0xa,0x20,0x20,0x20,0x20,0x70,0x72,0x6f,0x70,0x65,0x72,0x74,0x79,
  0x20,0x72,0x65,0x61,0x6c,0x20,0x6c,0x69,0x6e,0x6b,0x32,0x4f,0x66,0x66,0x73,0x65,
  0x74,0x59,0x3a,0x20,0x31,0x32,0x30,0xa,0x20,0x20,0x20,0x20,0x70,0x72,0x6f,0x70,
  0x65,0x72,0x74,0x79,0x20,0x72,0x65,0x61,0x6c,0x20,0x6c,0x69,0x6e,0x6b,0x33,0x4f,
  0x66,0x66,0x73,0x65,0x74,0x59,0x3a,0x20,0x31,0x32,0x30,0xa,0x20,0x20,0x20,0x20,
  0x70,0x72,0x6f,0x70,0x65,0x72,0x74,0x79,0x20,0x72,0x65,0x61,0x6c,0x20,0x74,0x6f,
  0x6f,0x6c,0x4f,0x66,0x66,0x73,0x65,0x74,0x59,0x3a,0x20,0x20,0x38,0x30,0xa,0x20,
  0x20,0x20,0x20,0x70,0x72,0x6f,0x70,0x65,0x72,0x74,0x79,0x20,0x72,0x65,0x61,0x6c,
  0x20,0x74,0x69,0x70,0x4f,0x66,0x66,0x73,0x65,0x74,0x59,0x3a,0x20,0x20,0x20,0x34,
  0x30,0xa,0xa,0x20,0x20,0x20,0x20,0x2f,0x2f,0x20,0x2d,0x2d,0x2d,0x2d,0x2d,0x2d,
  0x2d,0x2d,0x2d,0x2d,0x2d,0x2d,0x2d,0x2d,0x2d,0x2d,0x2d,0x2d,0x2d,0x2d,0x2d,0x2d,
  0x2d,0x2d,0x2d,0xa,0x20,0x20,0x20,0x20,0x2f,0x2f,0x20,0x30,0x29,0x20,0xeb,0xb2,
  0xa0,0xec,0x9d,0xb4,0xec,0x8a,0xa4,0x20,0x28,0xea,0xb3,0xa0,0xec,0xa0,0x95,0x29,
  0xa,0x20,0x20,0x20,0x20,0x2f,0x2f,0x20,0x2d,0x2d,0x2d,0x2d,0x2d,0x2d,0x2d,0x2d,
  0x2d,0x2d,0x2d,0x2d,0x2d,0x2d,0x2d,0x2d,0x2d,0x2d,0x2d,0x2d,0x2d,0x2d,0x2d,0x2d,
  0x2d,0xa,0x20,0x20,0x20,0x20,0x4e,0x6f,0x64,0x65,0x20,0x7b,0xa,0x20,0x20,0x20,
  0x20,0x20,0x20,0x20,0x20,0x69,0x64,0x3a,0x20,0x62,0x61,0x73,0x65,0x50,0x69,0x76,
  0x6f,0x74,0xa,0x20,0x20,0x20,0x20,0x20,0x20,0x20,0x20,0x73,0x63,0x61,0x6c,0x65,
  0x3a,0x20,0x51,0x74,0x2e,0x76,0x65,0x63,0x74,0x6f,0x72,0x33,0x64,0x28,0x31,0x30,
  0x30,0x2c,0x20,0x31,0x30,0x30,0x2c,0x20,0x31,0x30,0x30,0x29,0xa,0x20,0x20,0x20,
  0x20,0x20,0x20,0x20,0x20,0x65,0x75,0x6c,0x65,0x72,0x52,0x6f,0x74,0x61,0x74,0x69,
  0x6f,0x6e,0x2e,0x78,0x3a,0x20,0x2d,0x39,0x30,0x20,0x20,0x20,0x20,0x20,0x2f,0x2f,
  0x20,0xec,0x9b,0x90,0xeb,0x9e,0x98,0x20,0xec,0x98,0x88,0xec,0xa0,0x9c,0xec,0x99,
  0x80,0x20,0xeb,0x8f,0x99,0xec,0x9d,0xbc,0xed,0x95,0x98,0xea,0xb2,0x8c,0x20,0xec,
  0x9c,0x84,0xeb,0xa1,0x9c,0x20,0xec,0x84,0xb8,0xec,0x9a,0xb0,0xea,0xb8,0xb0,0xa,
  0xa,0x20,0x20,0x20,0x20,0x20,0x20,0x20,0x20,0x2f,0x2f,0x20,0x44,0x6f,0x62,0x6f,
  0x74,0x20,0xeb,0xb2,0xa0,0xec,0x9d,0xb4,0xec,0x8a,0xa4,0x20,0xeb,0xa9,0x94,0xec,
  0x89,0xac,0xa,0x20,0x20,0x20,0x20,0x20,0x20,0x20,0x20,0x4d,0x61,0x67,0x69,0x63,
  0x69,0x61,0x6e,0x42,0x61,0x73,0x65,0x20,0x7b,0xa,0x20,0x20,0x20,0x20,0x20,0x20,
  0x20,0x20,0x20,0x20,0x20,0x20,0x69,0x64,0x3a,0x20,0x62,0x61,0x73,0x65,0x4d,0x6f,
  0x64,0x65,0x6c,0xa,0x20,0x20,0x20,0x20,0x20,0x20,0x20,0x20,0x7d,0xa,0xa,0x20,
  0x20,0x20,0x20,0x20,0x20,0x20,0x20,0x2f,0x2f,0x20,0x2d,0x2d,0x2d,0x2d,0x2d,0x2d,
  0x2d,0x2d,0x2d,0x2d,0x2d,0x2d,0x2d,0x2d,0x2d,0x2d,0x2d,0x2d,0x2d,0x2d,0x2d,0x2d,
  0x2d,0x2d,0x2d,0xa,0x20,0x20,0x20,0x20,0x20,0x20,0x20,0x20,0x2f,0x2f,0x20,0x31,
  0x29,0x20,0xea,0xb4,0x80,0xec,0xa0,0x88,0x20,0x31,0x20,0x28,0xed,0x9a,0x8c,0xec,
  0xa0,0x84,0x31,0x3a,0x20,0x62,0x61,0x73,0x65,0x20,0x79,0x61,0x77,0x29,0xa,0x20,
  0x20,0x20,0x20,0x20,0x20,0x20,0x20,0x2f,0x2f,0x20,0x2d,0x2d,0x2d,0x2d,0x2d,0x2d,
  0x2d,0x2d,0x2d,0x2d,0x2d,0x2d,0x2d,0x2d,0x2d,0x2d,0x2d,0x2d,0x2d,0x2d,0x2d,0x2d,
  0x2d,0x2d,0x2d,0xa,0x20,0x20,0x20,0x20,0x20,0x20,0x20,0x20,0x4e,0x6f,0x64,0x65,
  0x20,0x7b,0xa,0x20,0x20,0x20,0x20,0x20,0x20,0x20,0x20,0x20,0x20,0x20,0x20,0x69,
  0x64,0x3a,0x20,0x6a,0x6f,0x69,0x6e,0x74,0x31,0xa,0x20,0x20,0x20,0x20,0x20,0x20,
  0x20,0x20,0x20,0x20,0x20,0x20,0x79,0x3a,0x20,0x6c,0x69,0x6e,0x6b,0x31,0x4f,0x66,
  0x66,0x73,0x65,0x74,0x59,0xa,0x20,0x20,0x20,0x20,0x20,0x20,0x20,0x20,0x20,0x20,
  0x20,0x20,0x65,0x75,0x6c,0x65,0x72,0x52,0x6f,0x74,0x61,0x74,0x69,0x6f,0x6e,0x2e,
  0x7a,0x3a,0x20,0x72,0x6f,0x6f,0x74,0x4e,0x6f,0x64,0x65,0x2e,0x72,0x6f,0x74,0x61,
  0x74,0x69,0x6f,0x6e,0x31,0xa,0xa,0x20,0x20,0x20,0x20,0x20,0x20,0x20,0x20,0x20,
  0x20,0x20,0x20,0x4d,0x61,0x67,0x69,0x63,0x69,0x61,0x6e,0x4c,0x69,0x6e,0x6b,0x31,
  0x20,0x7b,0x20,0x7d,0xa,0xa,0x20,0x20,0x20,0x20,0x20,0x20,0x20,0x20,0x20,0x20,
  0x20,0x20,0x2f,0x2f,0x20,0x2d,0x2d,0x2d,0x2d,0x2d,0x2d,0x2d,0x2d,0x2d,0x2d,0x2d,
  0x2d,0x2d,0x2d,0x2d,0x2d,0x2d,0x2d,0x2d,0x2d,0x2d,0x2d,0x2d,0x2d,0x2d,0xa,0x20,
  0x20,0x20,0x20,0x20,0x20,0x20,0x20,0x20,0x20,0x20,0x20,0x2f,0x2f,0x20,0x32,0x29,
  0x20,0xea,0xb4,0x80,0xec,0xa0,0x88,0x20,0x32,0x20,0x28,0xed,0x9a,0x8c,0xec,0xa0,
  0x84,0x32,0x3a,0x20,0x73,0x68,0x6f,0x75,0x6c,0x64,0x65,0x72,0x29,0xa,0x20,0x20,
  0x20,0x20,0x20,0x20,0x20,0x20,0x20,0x20,0x20,0x20,0x2f,0x2f,0x20,0x2d,0x2d,0x2d,
  0x2d,0x2d,0x2d,0x2d,0x2d,0x2d,0x2d,0x2d,0x2d,0x2d,0x2d,0x2d,0x2d,0x2d,0x2d,0x2d,
  0x2d,0x2d,0x2d,0x2d,0x2d,0x2d,0xa,0x20,0x20,0x20,0x20,0x20,0x20,0x20,0x20,0x20,
  0x20,0x20,0x20,0x4e,0x6f,0x64,0x65,0x20,0x7b,0xa,0x20,0x20,0x20,0x20,0x20,0x20,
  0x20,0x20,0x20,0x20,0x20,0x20,0x20,0x20,0x20,0x20,0x69,0x64,0x3a,0x20,0x6a,0x6f,
  0x69,0x6e,0x74,0x32,0xa,0x20,0x20,0x20,0x20,0x20,0x20,0x20,0x20,0x20,0x20,0x20,
  0x20,0x20,0x20,0x20,0x20,0x79,0x3a,0x20,0x6c,0x69,0x6e,0x6b,0x32,0x4f,0x66,0x66,
  0x73,0x65,0x74,0x59,0xa,0x20,0x20,0x20,0x20,0x20,0x20,0x20,0x20,0x20,0x20,0x20,
  0x20,0x20,0x20,0x20,0x20,0x65,0x75,0x6c,0x65,0x72,0x52,0x6f,0x74,0x61,0x74,0x69,
  0x6f,0x6e,0x2e,0x7a,0x3a,0x20,0x72,0x6f,0x6f,0x74,0x4e,0x6f,0x64,0x65,0x2e,0x72,
  0x6f,0x74,0x61,0x74,0x69,0x6f,0x6e,0x32,0xa,0xa,0x20,0x20,0x20,0x20,0x20,0x20,
  0x20,0x20,0x20,0x20,0x20,0x20,0x20,0x20,0x20,0x20,0x4d,0x61,0x67,0x69,0x63,0x69,
  0x61,0x6e,0x4c,0x69,0x6e,0x6b,0x32,0x20,0x7b,0x20,0x7d,0xa,0xa,0x20,0x20,0x20,
  0x20,0x20,0x20,0x20,0x20,0x20,0x20,0x20,0x20,0x20,0x20,0x20,0x20,0x2f,0x2f,0x20,
  0x2d,0x2d,0x2d,0x2d,0x2d,0x2d,0x2d,0x2d,0x2d,0x2d,0x2d,0x2d,0x2d,0x2d,0x2d,0x2d,
  0x2d,0x2d,0x2d,0x2d,0x2d,0x2d,0x2d,0x2d,0x2d,0xa,0x20,0x20,0x20,0x20,0x20,0x20,
  0x20,0x20,0x20,0x20,0x20,0x20,0x20,0x20,0x20,0x20,0x2f,0x2f,0x20,0x33,0x29,0x20,
  0xea,0xb4,0x80,0xec,0xa0,0x88,0x20,0x33,0x20,0x28,0xed,0x9a,0x8c,0xec,0xa0,0x84,
  0x33,0x3a,0x20,0x65,0x6c,0x62,0x6f,0x77,0x29,0xa,0x20,0x20,0x20,0x20,0x20,0x20,
  0x20,0x20,0x20,0x20,0x20,0x20,0x20,0x20,0x20,0x20,0x2f,0x2f,0x20,0x2d,0x2d,0x2d,
  0x2d,0x2d,0x2d,0x2d,0x2d,0x2d,0x2d,0x2d,0x2d,0x2d,0x2d,0x2d,0x2d,0x2d,0x2d,0x2d,
  0x2d,0x2d,0x2d,0x2d,0x2d,0x2d,0xa,0x20,0x20,0x20,0x20,0x20,0x20,0x20,0x20,0x20,
  0x20,0x20,0x20,0x20,0x20,0x20,0x20,0x4e,0x6f,0x64,0x65,0x20,0x7b,0xa,0x20,0x20,
  0x20,0x20,0x20,0x20,0x20,0x20,0x20,0x20,0x20,0x20,0x20,0x20,0x20,0x20,0x20,0x20,
  0x20,0x20,0x69,0x64,0x3a,0x20,0x6a,0x6f,0x69,0x6e,0x74,0x33,0xa,0x20,0x20,0x20,
  0x20,0x20,0x20,0x20,0x20,0x20,0x20,0x20,0x20,0x20,0x20,0x20,0x20,0x20,0x20,0x20,
  0x20,0x79,0x3a,0x20,0x6c,0x69,0x6e,0x6b,0x33,0x4f,0x66,0x66,0x73,0x65,0x74,0x59,
  0xa,0x20,0x20,0x20,0x20,0x20,0x20,0x20,0x20,0x20,0x20,0x20,0x20,0x20,0x20,0x20,
  0x20,0x20,0x20,0x20,0x20,0x65,0x75,0x6c,0x65,0x72,0x52,0x6f,0x74,0x61,0x74,0x69,
  0x6f,0x6e,0x2e,0x7a,0x3a,0x20,0x72,0x6f,0x6f,0x74,0x4e,0x6f,0x64,0x65,0x2e,0x72,
  0x6f,0x74,0x61,0x74,0x69,0x6f,0x6e,0x33,0xa,0xa,0x20,0x20,0x20,0x20,0x20,0x20,
  0x20,0x20,0x20,0x20,0x20,0x20,0x20,0x20,0x20,0x20,0x20,0x20,0x20,0x20,0x4d,0x61,
  0x67,0x69,0x63,0x69,0x61,0x6e,0x4c,0x69,0x6e,0x6b,0x33,0x20,0x7b,0x20,0x7d,0xa,
  0xa,0x20,0x20,0x20,0x20,0x20,0x20,0x20,0x20,0x20,0x20,0x20,0x20,0x20,0x20,0x20,
  0x20,0x20,0x20,0x20,0x20,0x2f,0x2f,0x20,0x2d,0x2d,0x2d,0x2d,0x2d,0x2d,0x2d,0x2d,
  0x2d,0x2d,0x2d,0x2d,0x2d,0x2d,0x2d,0x2d,0x2d,0x2d,0x2d,0x2d,0x2d,0x2d,0x2d,0x2d,
  0x2d,0xa,0x20,0x20,0x20,0x20,0x20,0x20,0x20,0x20,0x20,0x20,0x20,0x20,0x20,0x20,
  0x20,0x20,0x20,0x20,0x20,0x20,0x2f,0x2f,0x20,0x34,0x29,0x20,0xea,0xb4,0x80,0xec,
  0xa0,0x88,0x20,0x34,0x20,0x28,0xed,0x9a,0x8c,0xec,0xa0,0x84,0x34,0x3a,0x20,0x77,
  0x72,0x69,0x73,0x74,0x29,0xa,0x20,0x20,0x20,0x20,0x20,0x20,0x20,0x20,0x20,0x20,
  0x20,0x20,0x20,0x20,0x20,0x20,0x20,0x20,0x20,0x20,0x2f,0x2f,0x20,0x2d,0x2d,0x2d,
  0x2d,0x2d,0x2d,0x2d,0x2d,0x2d,0x2d,0x2d,0x2d,0x2d,0x2d,0x2d,0x2d,0x2d,0x2d,0x2d,
  0x2d,0x2d,0x2d,0x2d,0x2d,0x2d,0xa,0x20,0x20,0x20,0x20,0x20,0x20,0x20,0x20,0x20,
  0x20,0x20,0x20,0x20,0x20,0x20,0x20,0x20,0x20,0x20,0x20,0x4e,0x6f,0x64,0x65,0x20,
  0x7b,0xa,0x20,0x20,0x20,0x20,0x20,0x20,0x20,0x20,0x20,0x20,0x20,0x20,0x20,0x20,
  0x20,0x20,0x20,0x20,0x20,0x20,0x20,0x20,0x20,0x20,0x69,0x64,0x3a,0x20,0x6a,0x6f,
  0x69,0x6e,0x74,0x34,0xa,0x20,0x20,0x20,0x20,0x20,0x20,0x20,0x20,0x20,0x20,0x20,
  0x20,0x20,0x20,0x20,0x20,0x20,0x20,0x20,0x20,0x20,0x20,0x20,0x20,0x79,0x3a,0x20,
  0x74,0x6f,0x6f,0x6c,0x4f,0x66,0x66,0x73,0x65,0x74,0x59,0xa,0x20,0x20,0x20,0x20,
  0x20,0x20,0x20,0x20,0x20,0x20,0x20,0x20,0x20,0x20,0x20,0x20,0x20,0x20,0x20,0x20,
  0x20,0x20,0x20,0x20,0x65,0x75,0x6c,0x65,0x72,0x52,0x6f,0x74,0x61,0x74,0x69,0x6f,
  0x6e,0x2e,0x7a,0x3a,0x20,0x72,0x6f,0x6f,0x74,0x4e,0x6f,0x64,0x65,0x2e,0x72,0x6f,
  0x74,0x61,0x74,0x69,0x6f,0x6e,0x34,0xa,0xa,0x20,0x20,0x20,0x20,0x20,0x20,0x20,
  0x20,0x20,0x20,0x20,0x20,0x20,0x20,0x20,0x20,0x20,0x20,0x20,0x20,0x20,0x20,0x20,
  0x20,0x4d,0x61,0x67,0x69,0x63,0x69,0x61,0x6e,0x4c,0x69,0x6e,0x6b,0x34,0x20,0x7b,
  0x20,0x7d,0xa,0xa,0x20,0x20,0x20,0x20,0x20,0x20,0x20,0x20,0x20,0x20,0x20,0x20,
  0x20,0x20,0x20,0x20,0x20,0x20,0x20,0x20,0x20,0x20,0x20,0x20,0x2f,0x2f,0x20,0x2d,
  0x2d,0x2d,0x2d,0x2d,0x2d,0x2d,0x2d,0x2d,0x2d,0x2d,0x2d,0x2d,0x2d,0x2d,0x2d,0x2d,
  0x2d,0x2d,0x2d,0x2d,0x2d,0x2d,0x2d,0x2d,0xa,0x20,0x20,0x20,0x20,0x20,0x20,0x20,
  0x20,0x20,0x20,0x20,0x20,0x20,0x20,0x20,0x20,0x20,0x20,0x20,0x20,0x20,0x20,0x20,
  0x20,0x2f,0x2f,0x20,0x35,0x29,0x20,0xec,0x84,0x9d,0xec,0x85,0x98,0x20,0xed,0x88,
  0xb4,0x20,0x28,0x65,0x6e,0x64,0x20,0x65,0x66,0x66,0x65,0x63,0x74,0x6f,0x72,0x29,
  0xa,0x20,0x20,0x20,0x20,0x20,0x20,0x20,0x20,0x20,0x20,0x20,0x20,0x20,0x20,0x20,
  0x20,0x20,0x20,0x20,0x20,0x20,0x20,0x20,0x20,0x2f,0x2f,0x20,0x2d,0x2d,0x2d,0x2d,
  0x2d,0x2d,0x2d,0x2d,0x2d,0x2d,0x2d,0x2d,0x2d,0x2d,0x2d,0x2d,0x2d,0x2d,0x2d,0x2d,
  0x2d,0x2d,0x2d,0x2d,0x2d,0xa,0x20,0x20,0x20,0x20,0x20,0x20,0x20,0x20,0x20,0x20,
  0x20,0x20,0x20,0x20,0x20,0x20,0x20,0x20,0x20,0x20,0x20,0x20,0x20,0x20,0x4e,0x6f,
  0x64,0x65,0x20,0x7b,0xa,0x20,0x20,0x20,0x20,0x20,0x20,0x20,0x20,0x20,0x20,0x20,
  0x20,0x20,0x20,0x20,0x20,0x20,0x20,0x20,0x20,0x20,0x20,0x20,0x20,0x20,0x20,0x20,
  0x20,0x69,0x64,0x3a,0x20,0x73,0x75,0x63,0x74,0x69,0x6f,0x6e,0x54,0x69,0x70,0xa,
  0x20,0x20,0x20,0x20,0x20,0x20,0x20,0x20,0x20,0x20,0x20,0x20,0x20,0x20,0x20,0x20,
  0x20,0x20,0x20,0x20,0x20,0x20,0x20,0x20,0x20,0x20,0x20,0x20,0x79,0x3a,0x20,0x74,
  0x69,0x70,0x4f,0x66,0x66,0x73,0x65,0x74,0x59,0xa,0x20,0x20,0x20,0x20,0x20,0x20,
  0x20,0x20,0x20,0x20,0x20,0x20,0x20,0x20,0x20,0x20,0x20,0x20,0x20,0x20,0x20,0x20,
  0x20,0x20,0x20,0x20,0x20,0x20,0x2f,0x2f,0x20,0xec,0x84,0x9d,0xec,0x85,0x98,0x20,
  0xea,0xb0,0x81,0xeb,0x8f,0x84,0x20,0xe2,0x80,0x93,0x20,0xed,0x95,0x84,0xec,0x9a,
  0x94,0xec,0x97,0x90,0x20,0xeb,0x94,0xb0,0xeb,0x9d,0xbc,0x20,0x78,0x2f,0x7a,0xec,
  0xb6,0x95,0x20,0xeb,0xb0,0x94,0xea,0xbf,0x94,0xeb,0x8f,0x84,0x20,0xeb,0x90,0xa8,
  0xa,0x20,0x20,0x20,0x20,0x20,0x20,0x20,0x20,0x20,0x20,0x20,0x20,0x20,0x20,0x20,
  0x20,0x20,0x20,0x20,0x20,0x20,0x20,0x20,0x20,0x20,0x20,0x20,0x20,0x65,0x75,0x6c,
  0x65,0x72,0x52,0x6f,0x74,0x61,0x74,0x69,0x6f,0x6e,0x2e,0x78,0x3a,0x20,0x72,0x6f,
  0x6f,0x74,0x4e,0x6f,0x64,0x65,0x2e,0x63,0x6c,0x61,0x77,0x73,0x41,0x6e,0x67,0x6c,
  0x65,0xa,0xa,0x20,0x20,0x20,0x20,0x20,0x20,0x20,0x20,0x20,0x20,0x20,0x20,0x20,
  0x20,0x20,0x20,0x20,0x20,0x20,0x20,0x20,0x20,0x20,0x20,0x20,0x20,0x20,0x20,0x4d,
  0x61,0x67,0x69,0x63,0x69,0x61,0x6e,0x53,0x75,0x63,0x74,0x69,0x6f,0x6e,0x43,0x75,
  0x70,0x20,0x7b,0x20,0x7d,0xa,0x20,0x20,0x20,0x20,0x20,0x20,0x20,0x20,0x20,0x20,
  0x20,0x20,0x20,0x20,0x20,0x20,0x20,0x20,0x20,0x20,0x20,0x20,0x20,0x20,0x7d,0xa,
  0x20,0x20,0x20,0x20,0x20,0x20,0x20,0x20,0x20,0x20,0x20,0x20,0x20,0x20,0x20,0x20,
  0x20,0x20,0x20,0x20,0x7d,0xa,0x20,0x20,0x20,0x20,0x20,0x20,0x20,0x20,0x20,0x20,
  0x20,0x20,0x20,0x20,0x20,0x20,0x7d,0xa,0x20,0x20,0x20,0x20,0x20,0x20,0x20,0x20,
  0x20,0x20,0x20,0x20,0x7d,0xa,0x20,0x20,0x20,0x20,0x20,0x20,0x20,0x20,0x7d,0xa,
  0x20,0x20,0x20,0x20,0x7d,0xa,0x7d,0xa,
    // App.qml
  0x0,0x0,0x1,0x85,
  0x2f,
  0x2f,0x20,0x43,0x6f,0x70,0x79,0x72,0x69,0x67,0x68,0x74,0x20,0x28,0x43,0x29,0x20,
  0x32,0x30,0x32,0x32,0x20,0x54,0x68,0x65,0x20,0x51,0x74,0x20,0x43,0x6f,0x6d,0x70,
  0x61,0x6e,0x79,0x20,0x4c,0x74,0x64,0x2e,0xd,0xa,0x2f,0x2f,0x20,0x53,0x50,0x44,
  0x58,0x2d,0x4c,0x69,0x63,0x65,0x6e,0x73,0x65,0x2d,0x49,0x64,0x65,0x6e,0x74,0x69,
  0x66,0x69,0x65,0x72,0x3a,0x20,0x4c,0x69,0x63,0x65,0x6e,0x73,0x65,0x52,0x65,0x66,
  0x2d,0x51,0x74,0x2d,0x43,0x6f,0x6d,0x6d,0x65,0x72,0x63,0x69,0x61,0x6c,0x20,0x4f,
  0x52,0x20,0x42,0x53,0x44,0x2d,0x33,0x2d,0x43,0x6c,0x61,0x75,0x73,0x65,0xd,0xa,
  0xd,0xa,0x69,0x6d,0x70,0x6f,0x72,0x74,0x20,0x51,0x74,0x51,0x75,0x69,0x63,0x6b,
  0xd,0xa,0x69,0x6d,0x70,0x6f,0x72,0x74,0x20,0x52,0x6f,0x62,0x6f,0x74,0x41,0x72,
  0x6d,0xd,0xa,0xd,0xa,0x57,0x69,0x6e,0x64,0x6f,0x77,0x20,0x7b,0xd,0xa,0x20,
  0x20,0x20,0x20,0x77,0x69,0x64,0x74,0x68,0x3a,0x20,0x43,0x6f,0x6e,0x73,0x74,0x61,
  0x6e,0x74,0x73,0x2e,0x77,0x69,0x64,0x74,0x68,0xd,0xa,0x20,0x20,0x20,0x20,0x68,
  0x65,0x69,0x67,0x68,0x74,0x3a,0x20,0x43,0x6f,0x6e,0x73,0x74,0x61,0x6e,0x74,0x73,
  0x2e,0x68,0x65,0x69,0x67,0x68,0x74,0xd,0xa,0xd,0xa,0x20,0x20,0x20,0x20,0x6d,
  0x69,0x6e,0x69,0x6d,0x75,0x6d,0x57,0x69,0x64,0x74,0x68,0x3a,0x20,0x38,0x30,0x30,
  0xd,0xa,0x20,0x20,0x20,0x20,0x6d,0x69,0x6e,0x69,0x6d,0x75,0x6d,0x48,0x65,0x69,
  0x67,0x68,0x74,0x3a,0x20,0x36,0x30,0x30,0xd,0xa,0xd,0xa,0x20,0x20,0x20,0x20,
  0x76,0x69,0x73,0x69,0x62,0x6c,0x65,0x3a,0x20,0x74,0x72,0x75,0x65,0xd,0xa,0x20,
  0x20,0x20,0x20,0x74,0x69,0x74,0x6c,0x65,0x3a,0x20,0x22,0xeb,0xa1,0x9c,0xeb,0xb4,
  0x87,0xed,0x8c,0x94,0x20,0xeb,0x94,0x94,0xec,0xa7,0x80,0xed,0x84,0xb8,0x20,0xed,
  0x8a,0xb8,0xec,0x9c,0x88,0x22,0xd,0xa,0xd,0xa,0x20,0x20,0x20,0x20,0x4d,0x61,
  0x69,0x6e,0x53,0x63,0x72,0x65,0x65,0x6e,0x20,0x7b,0xd,0xa,0x20,0x20,0x20,0x20,
  0x20,0x20,0x20,0x20,0x61,0x6e,0x63,0x68,0x6f,0x72,0x73,0x2e,0x66,0x69,0x6c,0x6c,
  0x3a,0x20,0x70,0x61,0x72,0x65,0x6e,0x74,0xd,0xa,0x20,0x20,0x20,0x20,0x7d,0xd,
  0xa,0x7d,0xd,0xa,
    // MainScreen.ui.qml
  0x0,0x0,0x7,0x20,
  0x28,
  0xb5,0x2f,0xfd,0x60,0xa,0x29,0xb5,0x38,0x0,0x66,0x3a,0xb6,0x3d,0x40,0x6d,0x9b,
  0x3,0xcc,0x33,0xc,0xc3,0x30,0x8c,0x94,0x84,0x4d,0x8b,0x3b,0xcb,0x1b,0xf6,0x8d,
  0xda,0x18,0xda,0x49,0xc2,0x76,0x4a,0x82,0x34,0xa9,0xb5,0x14,0x42,0xe8,0x1f,0x87,
  0xd1,0xfa,0x8d,0x89,0xb1,0x73,0xb5,0x71,0xdc,0xa,0x41,0xc3,0xa7,0xa5,0xa5,0xc5,
  0x7d,0xc7,0xfb,0x24,0x77,0x86,0x3d,0x70,0x76,0x1,0xa2,0x0,0xa4,0x0,0xaa,0x0,
  0xd2,0x63,0xd9,0x1a,0xdf,0x56,0xba,0x6b,0xd6,0xf3,0x94,0x39,0xa7,0xdc,0x7a,0xe4,
  0xf4,0x8,0x99,0x46,0x24,0x1b,0x6f,0x2d,0x4,0x36,0xb2,0x96,0x49,0x2c,0x39,0x1c,
  0xf7,0xe0,0xe8,0x1c,0x1f,0x14,0xc6,0x7d,0xbc,0xb1,0xf6,0xd2,0xbb,0xd3,0x7d,0xb1,
  0x77,0x77,0x23,0x12,0xa,0xcb,0x13,0x5e,0xe4,0x16,0x27,0x7f,0x64,0x50,0xe3,0x3b,
  0xf7,0xc0,0xd,0x9,0x9b,0xf2,0x43,0xe,0xa9,0x4a,0xa7,0x3f,0xbd,0x22,0x59,0xac,
  0x8f,0xac,0xbb,0x8e,0xef,0xd8,0xa7,0xce,0x6d,0x1d,0x91,0x44,0x24,0x5c,0x3b,0x28,
  0x2b,0x91,0x15,0x59,0x32,0x1a,0x8b,0x59,0xb0,0x12,0x76,0x46,0x79,0x8b,0xbe,0x23,
  0xda,0x30,0x66,0x1f,0xe5,0xde,0xf4,0x4f,0x8e,0x9,0x22,0xae,0x93,0xb3,0xde,0x88,
  0x1c,0x58,0x2e,0x99,0x88,0x44,0x8a,0xbf,0xb1,0x9e,0x9,0xb9,0xed,0x3b,0x96,0x35,
  0x8f,0xad,0xaa,0xa9,0xda,0x89,0x8a,0xc4,0xbe,0xc6,0x69,0xea,0xe1,0xbc,0xb2,0x15,
  0x15,0x1,0xb3,0x37,0x29,0x32,0xa5,0xbc,0x61,0xca,0x49,0x91,0x25,0x6b,0xe0,0x46,
  0x6,0xb9,0x5a,0xe7,0xd6,0x49,0xaf,0xfc,0x64,0xa,0x39,0x7f,0xa9,0x52,0xd7,0xb2,
  0x9,0x27,0xa0,0xd,0x19,0x42,0x78,0xf8,0x10,0x62,0x41,0x54,0x18,0xd1,0x1,0x43,
  0x8,0x48,0x82,0x7a,0x54,0x9,0xfb,0x7e,0x2,0x7f,0x8,0xc6,0xbe,0x9d,0x3a,0x50,
  0x66,0xfb,0xb8,0xae,0x92,0x75,0xf5,0xba,0x2c,0xab,0xaa,0xb8,0x93,0x10,0x44,0xca,
  0x3c,0x96,0x9c,0x49,0xa1,0xa6,0xf7,0xc3,0x77,0xaa,0x81,0x10,0x40,0xfb,0xf8,0xe1,
  0xd7,0x69,0xd2,0xd9,0xfc,0xdf,0x35,0x18,0xe7,0x3f,0x71,0x66,0xc7,0x8,0x2f,0xbf,
  0x61,0x89,0x59,0xcc,0xe6,0xa8,0x3a,0x8e,0x99,0xfe,0xdf,0x69,0x30,0x4a,0x9a,0x56,
  0x40,0x3,0xca,0xb1,0x65,0x5d,0xc9,0xda,0xe,0x58,0xed,0x63,0x77,0xf6,0x49,0xf8,
  0xd3,0x3f,0x4d,0x5d,0x83,0x62,0x3b,0x8d,0x13,0x42,0x9b,0x91,0x91,0xb1,0xd5,0xa5,
  0x8d,0xfa,0xe6,0xa1,0xe4,0x2,0xcd,0x5d,0x11,0x76,0x61,0x61,0xb1,0x2b,0xc,0xc2,
  0x55,0xca,0x97,0x9,0x18,0x97,0x34,0x4d,0x13,0x85,0x59,0x78,0x3e,0x12,0x65,0xd9,
  0xb1,0x84,0xb4,0x2d,0xd4,0xbe,0x5a,0x79,0x52,0xcd,0xe3,0x8,0xd,0x64,0xfd,0x90,
  0x46,0xd8,0x49,0xb8,0xf8,0x5c,0xec,0x9b,0xf0,0xb3,0xfd,0xc2,0x93,0xb3,0xca,0xd1,
  0x15,0x3c,0x48,0x79,0x83,0x99,0x94,0xbd,0xa1,0xb0,0x16,0xab,0xc3,0xcd,0x80,0xab,
  0x84,0x9b,0xb,0xf3,0x5c,0x99,0x46,0x11,0x46,0x64,0x59,0x96,0x45,0x55,0x55,0x21,
  0xd4,0x85,0x61,0x59,0x54,0x19,0xbb,0x13,0x12,0x2d,0x2b,0xd3,0x77,0x76,0xcf,0x95,
  0xe7,0xf4,0xa,0x82,0x6a,0x2b,0x96,0xda,0xb,0xc5,0xd5,0x39,0x8d,0x49,0xa6,0xe3,
  0xb4,0xda,0x57,0xb3,0x1a,0x9b,0x1e,0xb0,0xf6,0xcd,0xe6,0x50,0xc8,0x31,0x1,0x69,
  0xb8,0x20,0x82,0x83,0x5,0x11,0x21,0xd3,0xe4,0xba,0x2c,0xb,0xbb,0x30,0x8b,0xaa,
  0xaa,0x7d,0xfe,0x18,0x11,0xdd,0x40,0xd4,0x62,0x20,0xf,0x49,0x6d,0xdd,0xd6,0x1,
  0x11,0x49,0x8,0xf4,0x59,0x8a,0x8f,0x87,0x2,0x6a,0xe,0x6e,0x3d,0x29,0x1e,0xfb,
  0xea,0x84,0xf4,0x21,0x4c,0x93,0x9,0x46,0x61,0xd5,0xc7,0x73,0x21,0x4d,0x5c,0x23,
  0xcf,0xde,0x70,0x9c,0x9d,0x44,0xa9,0x0,0x0,0xc8,0xfa,0x39,0xff,0x8f,0xca,0x91,
  0xe2,0xa2,0xa2,0x98,0x33,0xa1,0x56,0x9,0x10,0x60,0x27,0x6b,0x9d,0xd,0xce,0x7,
  0xfb,0x2a,0x46,0x51,0xae,0x70,0x47,0x7f,0x5f,0xd6,0x12,0x7e,0x7b,0xed,0x1e,0x7e,
  0xe6,0x29,0x94,0xc,0x87,0xc6,0x69,0x4,0x1e,0xca,0xc,0xa4,0xe7,0xf9,0xae,0x83,
  0x33,0xbb,0xc2,0x96,0xb0,0x7f,0xc2,0x4c,0x81,0xf7,0x93,0xb7,0xe9,0xb4,0x41,0x26,
  0x5f,0x97,0x85,0x65,0x31,0xf5,0xd,0x56,0x55,0x1b,0x85,0x17,0x64,0xce,0x6c,0x8d,
  0x3f,0xcd,0xb5,0xcb,0xdc,0x40,0xe5,0x22,0xc4,0x9,0x35,0xa9,0xa9,0x3f,0xcc,0x3a,
  0xce,0x4,0xd9,0x75,0x59,0x56,0x55,0x49,0x74,0xa3,0x94,0xac,0xdf,0x35,0x8e,0x99,
  0x4c,0xd5,0x3b,0x48,0x81,0xd1,0xa8,0x81,0xc1,0x42,0x33,0x22,0x22,0x92,0x82,0x14,
  0x24,0x69,0xc,0x91,0x8,0x21,0x8e,0x2a,0xc8,0xa0,0xb3,0x3,0x92,0x50,0x10,0x8a,
  0x71,0xc,0x8d,0x20,0xc,0x83,0x42,0x10,0x34,0x88,0x20,0x62,0x88,0x11,0x12,0x83,
  0x4,0x52,0x22,0x22,0x62,0xd2,0xe8,0xec,0x9c,0x84,0xd8,0x2a,0xa3,0xf,0x36,0xb5,
  0xe3,0x3b,0xbb,0x16,0x7a,0x5e,0x40,0xc,0x68,0x11,0xba,0x73,0xa3,0xc9,0x7f,0x62,
  0x80,0xd8,0xc2,0xa8,0xc1,0x45,0x0,0xf6,0xe5,0x36,0x61,0xb8,0x6d,0x76,0x7b,0x1d,
  0x36,0xd8,0x47,0x4b,0xda,0x3d,0x50,0x32,0xcb,0xf1,0x5f,0x4a,0x34,0xbc,0x6a,0x1f,
  0xb6,0xe6,0xce,0xfe,0xcf,0x1a,0xc9,0x7e,0x87,0x95,0xcb,0x8d,0xcc,0xb5,0x10,0x88,
  0x2d,0xd5,0xd3,0x75,0xdb,0x73,0x2e,0xdc,0x8d,0xc6,0xbd,0x75,0x57,0xd7,0x6a,0x65,
  0xe9,0xbe,0x20,0x44,0x8b,0x40,0x78,0xd6,0xa8,0xf0,0x16,0x64,0x5f,0x49,0x81,0xe3,
  0x39,0x80,0x18,0x68,0xf3,0x6,0x26,0xda,0xba,0xdb,0x37,0x15,0x5,0x11,0xe4,0xf8,
  0x3,0x82,0x5f,0x1e,0xaf,0xa2,0x10,0x2f,0x98,0xa1,0xe4,0xf2,0x3b,0x5c,0x62,0xe6,
  0x8e,0x66,0xe,0x89,0x22,0x8c,0xf5,0x80,0x11,0x15,0x3e,0xe0,0xaf,0x42,0xa0,0x27,
  0x90,0x76,0xa5,0x19,0x29,0xed,0x1b,0x5,0xe0,0x10,0x37,0xa3,0xc3,0x59,0x86,0x53,
  0x11,0x9a,0x75,0x38,0x5a,0x6c,0xaf,0x63,0xe0,0x4d,0x50,0x81,0x12,0x30,0x37,0x6b,
  0xe9,0xf4,0x0,0xa,0xe3,0x8,0x1a,0x34,0x1c,0xbf,0x9,0xb0,0x3,0x5f,0xcf,0x7f,
  0x59,0x2b,0xf8,0x77,0xc1,0xce,0x1a,0x18,0xff,0x22,0x63,0x82,0x42,0x3c,0xd3,0xe2,
  0x80,0x4c,0xb5,0xe9,0x6a,0x1a,0x67,0x90,0x39,0x5d,0xfc,0xa8,0x46,0xc,0xe3,0x76,
  0xe3,0x68,0x15,0x13,0xa5,0x4,0xd5,0xbe,0xb8,0x34,0x1c,0x6d,0x92,0x67,0x6a,0x74,
  0xb3,0x11,0xff,0x9c,0x87,0xb8,0x94,0xb9,0x94,0x48,0x1b,0x62,0x83,0xcc,0x69,0xe2,
  0xfd,0x94,0xb6,0x10,0x2e,0x1a,0xfa,0xe2,0x58,0xaf,0x1e,0xd9,0x9e,0xcd,0xd0,0xf7,
  0x8d,0xfe,0xeb,0xaf,0x19,0x3c,0x30,0x54,0x10,0xc8,0xd4,0xf7,0xbc,0xfd,0xb8,0x56,
  0x33,0x94,0x75,0xa9,0x8f,0x67,0x43,0x7c,0x56,0xd2,0x19,0x2,0x55,0xbe,0xb8,0xe4,
  0xa6,0xf1,0x4f,0xc4,0x8f,0x81,0x99,0x2e,0xbf,0x6c,0x8b,0xf4,0xb5,0x7f,0x80,0x6b,
  0x89,0x3b,0x75,0x4e,0xa1,0x3f,0xc8,0x21,0x84,0x57,0x9f,0x46,0x36,0x65,0x15,0x94,
  0xe1,0x28,0x55,0xa,0x60,0x7f,0xba,0x6,0x39,0xee,0xc8,0xa2,0x3b,0x9a,0xbd,0x97,
  0x56,0x43,0x27,0xd1,0x1c,0xc1,0xde,0x5c,0xea,0x9e,0x24,0x7a,0xd6,0xb0,0x35,0x1c,
  0x9c,0xd1,0xf5,0xd4,0xe9,0x29,0x2c,0xc3,0x6e,0xe1,0x47,0x2d,0x2e,0xc8,0x35,0xf8,
  0x8,0x5,0x30,0xba,0x8e,0x6f,0x1d,0x3d,0xff,0xb6,0x34,0x4a,0xe7,0xcb,0xbc,0x9e,
  0x28,0x21,0x19,0x41,0xff,0x14,0x4b,0x50,0xeb,0x3d,0x41,0x9e,0x4e,0x8,0xca,0x51,
  0x4d,0x92,0xb8,0x2f,0xe0,0x70,0x3a,0xa8,0xf0,0x5e,0x82,0x3b,0x81,0xa8,0x88,0x3,
  0x19,0x6c,0xf4,0xf1,0x13,0xb5,0xd2,0xc0,0x40,0xef,0x50,0x41,0x8f,0xaf,0x44,0xb,
  0x1e,0xc4,0xa4,0xd2,0x5c,0xa1,0x86,0xd4,0x61,0xa9,0xdb,0x7b,0x1e,0x40,0x36,0x9c,
  0x48,0x48,0x5a,0xd4,0x78,0xb1,0x40,0xd0,0xab,0x6f,0x85,0x83,0x41,0xbf,0xc0,0x1b,
  0x6,0x8f,0x20,0x69,0x44,0xac,0xb,0xcc,0x30,0xc2,0xbe,0x87,0xa2,0xe4,0xc9,0x69,
  0xe5,0x8,0x74,0x85,0x49,0x5a,0x59,0x13,0x99,0x1,0x40,0x5c,0x85,0xf6,0x43,0x91,
  0x51,0xa7,0xa4,0x86,0x41,0x48,0xa1,0x64,0x2a,0x2a,0x39,0x2e,0xe8,0xb0,0x20,0xbd,
  0xf6,0x26,0x8e,0x44,0xe0,0x69,0x63,0xf9,0x2f,0xea,0x73,0x5d,0x51,0x3c,0xc1,0xf2,
  0x3,0xea,0x4f,0xc2,0x5c,0x29,0xb7,0x38,0x76,0x7e,0x36,0x57,0xaa,0xb8,0x36,0xda,
  0x53,0x15,0x90,0xeb,0x28,0x6a,0xb8,0x31,0xf7,0xfc,0xb6,0xde,0x21,0x7b,0x2d,0x29,
  0x18,0x52,0x9b,0x22,0x99,0x30,0x47,0xec,0x7e,0xda,0x9f,0x43,0xd0,0x99,0x47,0x12,
  0x39,0x18,0x13,0x88,0x2,0x8,0x51,0x12,0x0,0x82,0xf,0xb5,0x66,0x87,0x94,0x96,
  0x18,0x8d,0x43,0xa8,0xd2,0x80,0x44,0x3b,0xce,0x27,0x54,0x73,0x53,0x30,0xde,0x6d,
  0xd9,0x38,0x7f,0x44,0x43,0x45,0xb,0xec,0xf2,0x78,0x9f,0x28,0x43,0xae,0xe3,0x7c,
  0xa4,0x14,0x0,0x24,0xb0,0xf0,0xa1,0x35,0x25,0xc3,0x6f,0x7e,0xa2,0x80,0xdb,0x58,
  0xe5,0x33,0xfa,0x4e,0xb8,0x3f,0xc,0x68,0x86,0xb7,0xa7,0x1c,0xc1,0x1a,0xac,0x78,
  0xce,0x9c,0x1e,0xbf,0xa5,0xcd,0xbb,0x5a,0x10,0x44,0x60,0xa3,0xfe,0xe0,0x8d,0x91,
  0xfe,0x74,0xfb,0x7c,0x49,0xd,0xf,0xd8,0x71,0x42,0xa0,0x9,0xc8,0xe2,0xb0,0x4b,
  0xfb,0xf2,0x72,0x51,0x1d,0xf7,0xf8,0xf5,0x75,0x92,0x3,0xc7,0xb4,0x6a,0xac,0x70,
  0x1e,0x96,0x1b,0xf6,0x47,0x9,0x45,0xf,0x50,0x4c,0x4c,0x15,0xeb,0x59,0xf8,0x67,
  0x97,0x2d,0xf8,0x6e,0xf0,0x91,0xdc,0xa3,0xd9,0x1e,0x17,0xe7,0x1f,0x39,0xc3,0x2c,
  0x53,0x20,0xa2,0x93,0x9f,0xdd,0x80,0x12,0x4,0x0,0xed,0x5,0xbb,0x19,0xe8,0x8,
  0x41,0x1,0x6b,0x5,0x43,0x43,0x5c,0x40,0x52,0x40,0xda,0x2d,0xaa,0xc3,0xcd,0xd8,
  0x98,0x86,0xc3,0x10,0x39,0xb0,0xcd,0x18,0x84,0xf0,0x44,0xda,0x66,0x52,0x83,0x53,
  0x39,0xfd,0x7f,0x40,0x83,0x9,0x37,0x72,0xa0,0xc3,0xda,0x5c,0x98,0x71,0x94,0xc4,
  0x3a,0x83,0x17,0x89,0xb5,0x21,0x9e,0x9a,0x71,0xad,0x4b,0x9c,0x6c,0xff,0x52,0x5f,
  0x49,0x44,0x1c,0xde,0x6f,0xe1,0xd4,0x34,0x45,0xf6,0x33,0xba,0xd0,0xbd,0xfe,0x4,
  0xb4,0x99,0x3e,0x10,0x77,0xe1,0x74,0x4c,0x2,0xea,0xef,0xd,0x85,0x61,0x2d,0x82,
  0x22,0xa0,0xb8,0xfb,0x7c,0x72,0xc7,0xd,0x7b,0xc3,0x75,0x8e,0x9a,0x1f,0x4c,0x42,
  0x2b,0x1c,0xe0,0x14,0xbc,0x8e,0x29,0xbf,0x46,0xd,0x2a,0x16,0xe4,0x21,0x57,0x2e,
  0x3,0x98,0xb1,0x9c,0x25,0x63,0x46,0x32,0x59,0x55,0xd,0x19,0x21,0x42,0xab,0x95,
  0x14,0x3c,0x33,0x0,0xc3,0x81,0x98,0xc5,0x37,0xbe,0x74,0x6f,0x35,0xc,0xa9,0x2c,
  0x28,0x80,0x4f,0x48,0x66,0x2f,0x9b,0x88,0x15,0x4,0x8a,0x3d,0xd6,0xf1,0xb8,0x64,
  0xc0,0x9f,0x6a,0x90,0xf8,0x69,0x32,0x1,0xa8,0x89,0x80,0xd2,0xcc,0x14,0xcc,0xc3,
  0xfe,0x12,0x7c,0x2c,0xb,0x86,0x5c,0x94,0xc8,0xc3,0x85,0x9e,0x82,0x94,0x4,0xcd,
  0x2f,0x45,0x53,0xa5,0xf8,0x60,0xe8,0x98,0xe2,0xb2,0xc,0xac,0xdd,0xd1,0xf2,0x1f,
  0xb7,0x58,0x2,0x30,0x31,0x82,0x8d,0xcb,0x65,0x6e,0xe0,0xc,0xec,0xa1,0x54,0xf7,
  0x82,0x82,0x67,0x92,0x6a,0x4f,0x31,0xbb,0xe6,0x77,0x53,0x3d,0xcd,0x2c,0xd4,
    // Toggle.ui.qml
  0x0,0x0,0x4,0x4,
  0x2f,
  0x2f,0x20,0x43,0x6f,0x70,0x79,0x72,0x69,0x67,0x68,0x74,0x20,0x28,0x43,0x29,0x20,
  0x32,0x30,0x32,0x32,0x20,0x54,0x68,0x65,0x20,0x51,0x74,0x20,0x43,0x6f,0x6d,0x70,
  0x61,0x6e,0x79,0x20,0x4c,0x74,0x64,0x2e,0xd,0xa,0x2f,0x2f,0x20,0x53,0x50,0x44,
  0x58,0x2d,0x4c,0x69,0x63,0x65,0x6e,0x73,0x65,0x2d,0x49,0x64,0x65,0x6e,0x74,0x69,
  0x66,0x69,0x65,0x72,0x3a,0x20,0x4c,0x69,0x63,0x65,0x6e,0x73,0x65,0x52,0x65,0x66,
  0x2d,0x51,0x74,0x2d,0x43,0x6f,0x6d,0x6d,0x65,0x72,0x63,0x69,0x61,0x6c,0x20,0x4f,
  0x52,0x20,0x42,0x53,0x44,0x2d,0x33,0x2d,0x43,0x6c,0x61,0x75,0x73,0x65,0xd,0xa,
  0xd,0xa,0x2f,0x2a,0xd,0xa,0x54,0x68,0x69,0x73,0x20,0x69,0x73,0x20,0x61,0x20,
  0x55,0x49,0x20,0x66,0x69,0x6c,0x65,0x20,0x28,0x2e,0x75,0x69,0x2e,0x71,0x6d,0x6c,
  0x29,0x20,0x74,0x68,0x61,0x74,0x20,0x69,0x73,0x20,0x69,0x6e,0x74,0x65,0x6e,0x64,
  0x65,0x64,0x20,0x74,0x6f,0x20,0x62,0x65,0x20,0x65,0x64,0x69,0x74,0x65,0x64,0x20,
  0x69,0x6e,0x20,0x51,0x74,0x20,0x44,0x65,0x73,0x69,0x67,0x6e,0x20,0x53,0x74,0x75,
  0x64,0x69,0x6f,0x20,0x6f,0x6e,0x6c,0x79,0x2e,0xd,0xa,0x49,0x74,0x20,0x69,0x73,
  0x20,0x73,0x75,0x70,0x70,0x6f,0x73,0x65,0x64,0x20,0x74,0x6f,0x20,0x62,0x65,0x20,
  0x73,0x74,0x72,0x69,0x63,0x74,0x6c,0x79,0x20,0x64,0x65,0x63,0x6c,0x61,0x72,0x61,
  0x74,0x69,0x76,0x65,0x20,0x61,0x6e,0x64,0x20,0x6f,0x6e,0x6c,0x79,0x20,0x75,0x73,
  0x65,0x73,0x20,0x61,0x20,0x73,0x75,0x62,0x73,0x65,0x74,0x20,0x6f,0x66,0x20,0x51,
  0x4d,0x4c,0x2e,0x20,0x49,0x66,0x20,0x79,0x6f,0x75,0x20,0x65,0x64,0x69,0x74,0xd,
  0xa,0x74,0x68,0x69,0x73,0x20,0x66,0x69,0x6c,0x65,0x20,0x6d,0x61,0x6e,0x75,0x61,
  0x6c,0x6c,0x79,0x2c,0x20,0x79,0x6f,0x75,0x20,0x6d,0x69,0x67,0x68,0x74,0x20,0x69,
  0x6e,0x74,0x72,0x6f,0x64,0x75,0x63,0x65,0x20,0x51,0x4d,0x4c,0x20,0x63,0x6f,0x64,
  0x65,0x20,0x74,0x68,0x61,0x74,0x20,0x69,0x73,0x20,0x6e,0x6f,0x74,0x20,0x73,0x75,
  0x70,0x70,0x6f,0x72,0x74,0x65,0x64,0x20,0x62,0x79,0x20,0x51,0x74,0x20,0x44,0x65,
  0x73,0x69,0x67,0x6e,0x20,0x53,0x74,0x75,0x64,0x69,0x6f,0x2e,0xd,0xa,0x43,0x68,
  0x65,0x63,0x6b,0x20,0x6f,0x75,0x74,0x20,0x68,0x74,0x74,0x70,0x73,0x3a,0x2f,0x2f,
  0x64,0x6f,0x63,0x2e,0x71,0x74,0x2e,0x69,0x6f,0x2f,0x71,0x74,0x63,0x72,0x65,0x61,
  0x74,0x6f,0x72,0x2f,0x63,0x72,0x65,0x61,0x74,0x6f,0x72,0x2d,0x71,0x75,0x69,0x63,
  0x6b,0x2d,0x75,0x69,0x2d,0x66,0x6f,0x72,0x6d,0x73,0x2e,0x68,0x74,0x6d,0x6c,0x20,
  0x66,0x6f,0x72,0x20,0x64,0x65,0x74,0x61,0x69,0x6c,0x73,0x20,0x6f,0x6e,0x20,0x2e,
  0x75,0x69,0x2e,0x71,0x6d,0x6c,0x20,0x66,0x69,0x6c,0x65,0x73,0x2e,0xd,0xa,0x2a,
  0x2f,0xd,0xa,0x69,0x6d,0x70,0x6f,0x72,0x74,0x20,0x51,0x74,0x51,0x75,0x69,0x63,
  0x6b,0xd,0xa,0x69,0x6d,0x70,0x6f,0x72,0x74,0x20,0x51,0x74,0x51,0x75,0x69,0x63,
  0x6b,0x2e,0x43,0x6f,0x6e,0x74,0x72,0x6f,0x6c,0x73,0xd,0xa,0xd,0xa,0x49,0x74,
  0x65,0x6d,0x20,0x7b,0xd,0xa,0x20,0x20,0x20,0x20,0x70,0x72,0x6f,0x70,0x65,0x72,
  0x74,0x79,0x20,0x73,0x74,0x72,0x69,0x6e,0x67,0x20,0x74,0x65,0x78,0x74,0xd,0xa,
  0x20,0x20,0x20,0x20,0x70,0x72,0x6f,0x70,0x65,0x72,0x74,0x79,0x20,0x61,0x6c,0x69,
  0x61,0x73,0x20,0x63,0x68,0x65,0x63,0x6b,0x65,0x64,0x3a,0x20,0x74,0x6f,0x67,0x67,
  0x6c,0x65,0x49,0x6e,0x64,0x69,0x63,0x61,0x74,0x6f,0x72,0x2e,0x63,0x68,0x65,0x63,
  0x6b,0x65,0x64,0xd,0xa,0x20,0x20,0x20,0x20,0x72,0x65,0x61,0x64,0x6f,0x6e,0x6c,
  0x79,0x20,0x70,0x72,0x6f,0x70,0x65,0x72,0x74,0x79,0x20,0x61,0x6c,0x69,0x61,0x73,
  0x20,0x68,0x61,0x73,0x46,0x6f,0x63,0x75,0x73,0x3a,0x20,0x74,0x6f,0x67,0x67,0x6c,
  0x65,0x49,0x6e,0x64,0x69,0x63,0x61,0x74,0x6f,0x72,0x2e,0x61,0x63,0x74,0x69,0x76,
  0x65,0x46,0x6f,0x63,0x75,0x73,0xd,0xa,0x20,0x20,0x20,0x20,0x69,0x6d,0x70,0x6c,
  0x69,0x63,0x69,0x74,0x57,0x69,0x64,0x74,0x68,0x3a,0x20,0x74,0x6f,0x67,0x67,0x6c,
  0x65,0x54,0x65,0x78,0x74,0x2e,0x77,0x69,0x64,0x74,0x68,0x20,0x2b,0x20,0x74,0x6f,
  0x67,0x67,0x6c,0x65,0x49,0x6e,0x64,0x69,0x63,0x61,0x74,0x6f,0x72,0x2e,0x77,0x69,
  0x64,0x74,0x68,0xd,0xa,0x20,0x20,0x20,0x20,0x69,0x6d,0x70,0x6c,0x69,0x63,0x69,
  0x74,0x48,0x65,0x69,0x67,0x68,0x74,0x3a,0x20,0x35,0x30,0xd,0xa,0xd,0xa,0x20,
  0x20,0x20,0x20,0x4c,0x61,0x62,0x65,0x6c,0x20,0x7b,0xd,0xa,0x20,0x20,0x20,0x20,
  0x20,0x20,0x20,0x20,0x69,0x64,0x3a,0x20,0x74,0x6f,0x67,0x67,0x6c,0x65,0x54,0x65,
  0x78,0x74,0xd,0xa,0x20,0x20,0x20,0x20,0x20,0x20,0x20,0x20,0x74,0x65,0x78,0x74,
  0x3a,0x20,0x70,0x61,0x72,0x65,0x6e,0x74,0x2e,0x74,0x65,0x78,0x74,0xd,0xa,0x20,
  0x20,0x20,0x20,0x20,0x20,0x20,0x20,0x61,0x6e,0x63,0x68,0x6f,0x72,0x73,0x2e,0x76,
  0x65,0x72,0x74,0x69,0x63,0x61,0x6c,0x43,0x65,0x6e,0x74,0x65,0x72,0x3a,0x20,0x74,
  0x6f,0x67,0x67,0x6c,0x65,0x49,0x6e,0x64,0x69,0x63,0x61,0x74,0x6f,0x72,0x2e,0x76,
  0x65,0x72,0x74,0x69,0x63,0x61,0x6c,0x43,0x65,0x6e,0x74,0x65,0x72,0xd,0xa,0x20,
  0x20,0x20,0x20,0x7d,0xd,0xa,0x20,0x20,0x20,0x20,0x53,0x77,0x69,0x74,0x63,0x68,
  0x20,0x7b,0xd,0xa,0x20,0x20,0x20,0x20,0x20,0x20,0x20,0x20,0x69,0x64,0x3a,0x20,
  0x74,0x6f,0x67,0x67,0x6c,0x65,0x49,0x6e,0x64,0x69,0x63,0x61,0x74,0x6f,0x72,0xd,
  0xa,0x20,0x20,0x20,0x20,0x20,0x20,0x20,0x20,0x61,0x6e,0x63,0x68,0x6f,0x72,0x73,
  0x2e,0x6c,0x65,0x66,0x74,0x3a,0x20,0x74,0x6f,0x67,0x67,0x6c,0x65,0x54,0x65,0x78,
  0x74,0x2e,0x72,0x69,0x67,0x68,0x74,0xd,0xa,0x20,0x20,0x20,0x20,0x20,0x20,0x20,
  0x20,0x61,0x6e,0x63,0x68,0x6f,0x72,0x73,0x2e,0x72,0x69,0x67,0x68,0x74,0x4d,0x61,
  0x72,0x67,0x69,0x6e,0x3a,0x20,0x38,0xd,0xa,0x20,0x20,0x20,0x20,0x7d,0xd,0xa,
  0x7d,0xd,0xa,
    // RoboticArm.ui.qml
  0x0,0x0,0x5,0x5d,
  0x28,
  0xb5,0x2f,0xfd,0x60,0x44,0x13,0x9d,0x2a,0x0,0x96,0xed,0xa1,0x44,0xf0,0x90,0x58,
  0x63,0x2,0xc,0x8b,0xc3,0xe2,0xb0,0x38,0x99,0x33,0xf,0xf2,0x66,0x13,0x64,0x5,
  0x76,0x83,0x52,0x74,0x28,0x63,0x5f,0xfb,0x47,0x86,0xf7,0x95,0x95,0x45,0xba,0xfd,
  0xaf,0x15,0x76,0x1,0x52,0x7e,0x40,0x4e,0xf5,0x9f,0x4e,0xce,0x6d,0x6c,0xa9,0x4d,
  0xca,0xc1,0x1a,0x4f,0x29,0x37,0x0,0x28,0xf0,0xfd,0x23,0xb2,0x39,0xc6,0xb5,0x5c,
  0x5,0x90,0x0,0x8e,0x0,0x8f,0x0,0xec,0x33,0x2a,0x10,0xfb,0x5,0x83,0xfd,0xe8,
  0xb4,0x5d,0x69,0x8b,0xa9,0xa8,0x9d,0x22,0xed,0x51,0xb,0x9d,0xba,0xb6,0xeb,0x85,
  0x25,0x39,0x69,0x47,0x2c,0xfd,0x95,0x8b,0x2e,0x31,0xd1,0x57,0x53,0xe8,0x97,0xba,
  0xb5,0xc,0xb,0x4a,0x8f,0xac,0xec,0xa7,0x24,0xfb,0x44,0x5b,0xec,0xeb,0xd9,0xb6,
  0x5a,0xe8,0xd7,0x49,0x97,0x4a,0xed,0x57,0xa7,0xdd,0x6a,0xb1,0xcf,0x36,0xcd,0x37,
  0x36,0xcc,0x71,0x24,0xef,0x71,0xf2,0xff,0x67,0x68,0x7c,0x38,0xe6,0x8c,0x13,0x30,
  0xa0,0x50,0x2,0x71,0xcc,0x26,0x18,0xba,0xd0,0x5d,0x6e,0xe3,0x20,0xe6,0x8,0x18,
  0x5c,0x7e,0x8,0xc4,0x2f,0x83,0xf9,0xe3,0xfb,0x6c,0x94,0xd8,0x53,0xe2,0xf,0x26,
  0x43,0xa3,0x24,0x31,0x28,0xc4,0xd,0x32,0x5,0x37,0x43,0x83,0x3,0x98,0x43,0x1d,
  0x66,0xc7,0x4d,0x72,0x4,0x7d,0x72,0x97,0xb3,0xe0,0x75,0xf,0x3e,0x73,0x25,0xb5,
  0x2f,0x12,0xed,0x5d,0x54,0x9e,0x71,0x99,0xf,0xc0,0x38,0xb7,0x43,0x66,0x76,0x94,
  0x9a,0x66,0x60,0xbb,0x87,0xc3,0xf,0xbc,0x10,0x7e,0xc8,0xd1,0x4,0x71,0xa7,0xb3,
  0xe0,0x1c,0x71,0xc1,0x31,0x26,0x8d,0xec,0xd3,0xd4,0xa6,0xd2,0x7d,0xce,0x87,0x1b,
  0x64,0xdd,0x1d,0x19,0xdc,0xc,0xf6,0xf,0xc9,0x71,0xf2,0xc3,0x16,0xb4,0xff,0x9e,
  0xc7,0xfc,0x10,0x71,0xb8,0x9,0x4f,0x44,0xe8,0x8f,0x5a,0x76,0xc9,0xc5,0xa2,0xac,
  0x7d,0xa2,0x76,0x49,0xa5,0xfd,0xd5,0x73,0x97,0xa0,0x6c,0x16,0x92,0x36,0xad,0x5a,
  0xbb,0xb7,0x99,0x62,0x1e,0x37,0x6c,0x46,0x73,0xa3,0xe1,0xe1,0x87,0xc9,0x8b,0xcc,
  0x91,0x4,0x65,0x29,0x92,0x26,0x21,0x69,0x12,0xa9,0xbd,0x3a,0xb1,0x55,0x9c,0xfa,
  0xe7,0x69,0x9f,0xac,0x1,0x18,0xcc,0x55,0xb4,0x65,0xd1,0x97,0xe3,0xae,0x7,0x4f,
  0x94,0xb2,0xb2,0x1f,0xad,0xec,0xcb,0x5,0xcb,0x79,0x70,0x21,0xff,0x90,0x91,0x38,
  0xc,0xe1,0x4c,0xe4,0xb1,0x65,0x90,0x90,0x52,0x42,0x9b,0x20,0x78,0x82,0x48,0x88,
  0x8d,0x5d,0xc2,0xf,0x68,0x9e,0xc1,0xfe,0xe0,0x5e,0x8a,0xad,0x7a,0xc1,0x1e,0x4d,
  0xdb,0x17,0xad,0x7d,0xba,0x60,0x7f,0xa2,0xf6,0x99,0xb2,0xb1,0x8b,0xf9,0xf3,0x24,
  0x38,0x98,0xcd,0xef,0x83,0xc5,0xc,0xe1,0x59,0xb7,0x71,0x1d,0xfc,0x21,0x66,0x4f,
  0x5,0x2c,0x62,0xb0,0xcc,0xca,0xe7,0x72,0x4,0x6d,0x38,0xe2,0xe7,0xf9,0x44,0xa1,
  0x38,0x92,0xeb,0xb,0xbb,0xa2,0xec,0xf,0xcc,0x1c,0xd1,0x1,0xf6,0xf2,0xcb,0x21,
  0x87,0x8,0x6a,0x9b,0x58,0xfb,0xa7,0x7a,0x41,0x21,0xb0,0xec,0x3c,0xee,0x7a,0x40,
  0x33,0x57,0xf0,0x2,0xdb,0x7d,0x48,0x88,0x80,0xb,0x78,0xd7,0x69,0xae,0xd1,0x5e,
  0x40,0x7b,0x87,0x7d,0x5,0xbd,0x5d,0x77,0x43,0x36,0xcd,0x3,0xfc,0xc6,0x30,0xb5,
  0xe9,0x8a,0x6e,0xc1,0x60,0xef,0x71,0x33,0x78,0x20,0xb0,0x89,0xae,0x96,0x69,0x1e,
  0x8,0x37,0x4a,0xb1,0x9c,0x68,0x5d,0x56,0xbd,0x82,0xc5,0x47,0xea,0xb9,0xd7,0x16,
  0xab,0x42,0x29,0x33,0x8,0x87,0x4b,0x9,0x0,0x94,0xb5,0xbf,0x52,0xd9,0x24,0x21,
  0x36,0x80,0x97,0x5e,0x58,0xc,0xd7,0xb2,0x55,0x28,0x74,0x6a,0xa2,0x53,0xb5,0x2d,
  0xa1,0xfa,0x28,0xb4,0x3d,0x59,0x7a,0xc4,0xd2,0x27,0x11,0x7d,0xec,0x26,0x2b,0xfb,
  0x3a,0x69,0x55,0x2a,0xd2,0xa6,0xa7,0xcd,0x99,0xb8,0xec,0x74,0x28,0x6c,0x2e,0x86,
  0xab,0x26,0x74,0x6b,0x44,0xdf,0x34,0x42,0xa7,0x68,0xeb,0x22,0xe9,0x15,0x49,0xbf,
  0xd4,0xa2,0x3,0x81,0x38,0xa8,0xd1,0xb5,0x33,0x22,0x22,0x22,0x49,0x52,0x50,0x28,
  0xc,0x7,0x71,0x8,0x21,0x46,0x82,0x10,0x53,0xbc,0x1,0xb2,0x98,0x20,0x4d,0x42,
  0x14,0x8e,0x30,0x42,0x4,0x4,0x39,0x62,0x4,0x44,0x40,0x8,0x22,0x22,0x49,0x44,
  0xc2,0x28,0xd8,0x6,0xf1,0x9,0x16,0x8,0x12,0x8,0x8c,0x9a,0xa5,0x32,0xd3,0x7,
  0xd,0xd7,0x78,0xc2,0xd1,0xf6,0x3c,0xd1,0xcb,0x1a,0x30,0x25,0x7b,0x5c,0xaf,0xb1,
  0x40,0xfb,0x28,0x5f,0x8e,0xa0,0x89,0xe0,0xfe,0x92,0xd7,0x39,0x97,0x33,0xff,0xb3,
  0x65,0x7e,0x4b,0x82,0xf,0x61,0x6a,0xad,0x88,0x39,0x62,0xce,0xcb,0x1e,0x10,0x67,
  0xe6,0xde,0x86,0xac,0x69,0x86,0x2c,0x14,0xb5,0xce,0xb5,0x88,0xbc,0xf,0xc5,0x27,
  0xde,0x39,0x8d,0x41,0xe9,0x4c,0x36,0x10,0x4,0x6,0x62,0x69,0x3,0x59,0x53,0x78,
  0x22,0x20,0x68,0xf5,0x6a,0x8f,0x88,0x42,0xe0,0x7,0x0,0x8f,0x48,0x10,0x7a,0xe4,
  0x84,0xcf,0xdf,0x3f,0xdb,0x0,0xe4,0x16,0xa4,0x8f,0xd1,0x10,0x31,0x5,0x6a,0x3c,
  0xc2,0x94,0xfd,0x12,0x37,0x88,0x20,0xe,0xf1,0x4a,0x83,0x76,0x38,0x20,0x74,0xc3,
  0xf8,0x54,0xfd,0xb,0x84,0xe,0x7e,0x4,0x64,0x97,0x3,0xbe,0xf5,0x16,0xc4,0x32,
  0x14,0x17,0x98,0x86,0xd6,0x63,0xfd,0xac,0xf1,0xc7,0x55,0xa8,0xbf,0xd9,0xdd,0xed,
  0x7f,0xea,0x20,0xd1,0x50,0x83,0xb4,0xb9,0xde,0x12,0x34,0x2a,0xc7,0x6b,0x2,0xc4,
  0xca,0xa3,0xd1,0x39,0x6b,0xc,0xea,0x15,0x9b,0x48,0xc8,0xe3,0x5e,0x2,0x5d,0xc9,
  0xef,0x47,0x30,0x60,0x1b,0xf8,0x8,0x12,0x59,0x4d,0x5f,0xe0,0x74,0x21,0x26,0x2,
  0x44,0x38,0x3,0x8c,0x2c,0xce,0x1d,0x52,0x89,0x9a,0x3d,0x47,0xe5,0xa6,0xc,0x3f,
  0x34,0x30,0x93,0x47,0x73,0xba,0x18,0x50,0x4,0xda,0xd1,0x39,0x24,0x4e,0x2,0x58,
  0x4d,0x1d,0xa6,0x17,0xe9,0xbe,0xe2,0x8d,0x1b,0x57,0xdc,0xf4,0xc,0x76,0x14,0xe4,
  0xc6,0xc0,0x9a,0x36,0xa8,0x72,0xd6,0x84,0x8e,0xc3,0xe3,0x27,0xd,0xf9,0x9e,0x2d,
  0x9d,0xf1,0xb6,0x8a,0x9f,0x1,0xa5,0xb5,0x98,0x9c,0xfb,0x96,0xa5,0x52,0x47,0xdf,
  0xba,0xf2,0x1b,0xf1,0xc6,0x9d,0x11,0x79,0x38,0x7,0x61,0x83,0xbe,0x94,0x0,0x86,
  0x16,0x2,0x8,0x46,0x11,0x19,0xc5,0x15,0x4f,0x43,0x34,0x23,0x1a,0xa4,0xf7,0xdc,
  0xc5,0x3d,0x71,0x6,0xf7,0xac,0x3c,0x56,0x60,0x29,0x7a,0x6d,0xd9,0x5d,0x59,0xd,
  0x23,0x54,0xbc,0x85,0xe4,0xbb,0x7f,0x5f,0x89,0xf7,0xd4,0x93,0x76,0x22,0xf1,0x25,
  0x39,0x7f,0x4a,0xaf,0x12,0xfa,0x40,0xfd,0xa,0xd3,0x14,0xae,0x9a,0xb6,0x7f,0xd8,
  0xa3,0x96,0xb6,0x26,0x2e,0x9f,0x4a,0xfd,0x79,0x16,0xe3,0x65,0xbe,0xe3,0xe9,0x7b,
  0x3b,0xda,0xbb,0xc4,0x45,0x1d,0x25,0x6d,0x33,0x6,0x8f,0x5f,0x63,0xcc,0x8f,0xd8,
  0x33,0xb8,0x16,0xaa,0x19,0x98,0x83,0xa,0x50,0xce,0x74,0x4f,0x42,0x45,0xf2,0x13,
  0x85,0x65,0xf2,0x4c,0x2a,0x8a,0x67,0xbb,0x4a,0xd7,0xd7,0x76,0x6a,0xbd,0x2c,0x8d,
  0x10,0x51,0x6e,0x4b,0x6d,0x3d,0x22,0x1a,0x50,0x19,0xae,0x2a,0x21,0xed,0xe,0x7e,
  0xf2,0x7f,0xde,0xaa,0x84,0x6c,0x33,0x18,0x53,0x9d,0xe6,0x84,0x85,0xf1,0x14,0x68,
  0x12,0x84,0x2a,0x84,0x1d,0xcd,0xbb,0x57,0x99,0xb9,0x80,0x19,0xa0,0xcd,0xef,0x4d,
  0x17,0xb4,0xf9,0x3,0x1e,0xcd,0xf5,0x42,0xf8,0xc0,0x79,0xd9,0xa2,0x56,0xc3,0x4d,
  0xa0,0xd5,0x4c,0xe9,0x41,0x86,0x62,0x3f,0xcc,0xd5,0x33,0xbe,0x91,0xb9,0xca,0x44,
  0xca,0xd,0x96,0xc,0xa0,0x4c,0xa4,0x7e,0x96,0x92,0x76,0xa1,0xbb,0xe0,0x27,0x26,
  0x69,0x44,0x56,0x7,0xfc,0x53,0xba,0x9d,0xe5,0xf5,0x81,0xf1,0xce,0xc5,0x78,0xb7,
  0x58,0x60,0xb3,0x1a,0x22,0x5b,0x3a,0x40,0x58,0x40,0x37,0x22,0x40,0x2e,0x7d,0xa6,
  0xf0,0x91,0xe2,0x50,0x9d,0xe8,0x41,0x11,0xdb,0x9d,0xec,0x88,0xe4,0xd4,0x26,0xc8,
  0x3a,0x5c,0xb3,0x9,0x13,0xf3,0x2e,0x8a,0xd8,0xca,0x44,0x15,0xcd,0x13,0x96,0x5b,
  0x4b,0xd1,0x42,0xb1,0xf1,0xa9,0x6b,0xe2,0x21,0x53,0xb4,0x6,0x93,0x7f,0x4d,0xb1,
  0xfb,0x29,0x66,0xea,0xfd,0xc8,0x2a,0x64,0xe7,0x33,0x14,0xca,0x60,0x6f,0x12,0x71,
  0x8c,0xe9,0x2,0xf0,0xe3,0x9c,0x9b,0xa8,0xa1,0x62,0xff,0x6d,0x8,0xa1,0x8,0xc6,
  0xf6,0x81,0x18,0xea,0x87,0x53,0x8d,0x0,0x6e,0x2c,0x43,0x1a,
    // NodeIndicator.qml
  0x0,0x0,0x5,0xd1,
  0x2f,
  0x2f,0x20,0x43,0x6f,0x70,0x79,0x72,0x69,0x67,0x68,0x74,0x20,0x28,0x43,0x29,0x20,
  0x32,0x30,0x32,0x32,0x20,0x54,0x68,0x65,0x20,0x51,0x74,0x20,0x43,0x6f,0x6d,0x70,
  0x61,0x6e,0x79,0x20,0x4c,0x74,0x64,0x2e,0xd,0xa,0x2f,0x2f,0x20,0x53,0x50,0x44,
  0x58,0x2d,0x4c,0x69,0x63,0x65,0x6e,0x73,0x65,0x2d,0x49,0x64,0x65,0x6e,0x74,0x69,
  0x66,0x69,0x65,0x72,0x3a,0x20,0x4c,0x69,0x63,0x65,0x6e,0x73,0x65,0x52,0x65,0x66,
  0x2d,0x51,0x74,0x2d,0x43,0x6f,0x6d,0x6d,0x65,0x72,0x63,0x69,0x61,0x6c,0x20,0x4f,
  0x52,0x20,0x42,0x53,0x44,0x2d,0x33,0x2d,0x43,0x6c,0x61,0x75,0x73,0x65,0xd,0xa,
  0xd,0xa,0x69,0x6d,0x70,0x6f,0x72,0x74,0x20,0x51,0x74,0x51,0x75,0x69,0x63,0x6b,
  0xd,0xa,0x69,0x6d,0x70,0x6f,0x72,0x74,0x20,0x51,0x74,0x51,0x75,0x69,0x63,0x6b,
  0x2e,0x43,0x6f,0x6e,0x74,0x72,0x6f,0x6c,0x73,0x2e,0x4d,0x61,0x74,0x65,0x72,0x69,
  0x61,0x6c,0x20,0x61,0x73,0x20,0x4d,0x61,0x74,0x65,0x72,0x69,0x61,0x6c,0x43,0x6f,
  0x6e,0x74,0x72,0x6f,0x6c,0x73,0xd,0xa,0x69,0x6d,0x70,0x6f,0x72,0x74,0x20,0x51,
  0x74,0x51,0x75,0x69,0x63,0x6b,0x33,0x44,0xd,0xa,0xd,0xa,0x49,0x74,0x65,0x6d,
  0x20,0x7b,0xd,0xa,0x20,0x20,0x20,0x20,0x69,0x64,0x3a,0x20,0x72,0x6f,0x6f,0x74,
  0xd,0xa,0x20,0x20,0x20,0x20,0x70,0x72,0x6f,0x70,0x65,0x72,0x74,0x79,0x20,0x72,
  0x65,0x61,0x6c,0x20,0x73,0x69,0x7a,0x65,0x3a,0x20,0x31,0x30,0x30,0xd,0xa,0x20,
  0x20,0x20,0x20,0x70,0x72,0x6f,0x70,0x65,0x72,0x74,0x79,0x20,0x62,0x6f,0x6f,0x6c,
  0x20,0x69,0x73,0x46,0x6f,0x63,0x75,0x73,0x65,0x64,0x3a,0x20,0x74,0x72,0x75,0x65,
  0xd,0xa,0x20,0x20,0x20,0x20,0x70,0x72,0x6f,0x70,0x65,0x72,0x74,0x79,0x20,0x56,
  0x69,0x65,0x77,0x33,0x44,0x20,0x76,0x69,0x65,0x77,0x33,0x44,0x3a,0x20,0x70,0x61,
  0x72,0x65,0x6e,0x74,0x20,0x61,0x73,0x20,0x56,0x69,0x65,0x77,0x33,0x44,0xd,0xa,
  0x20,0x20,0x20,0x20,0x70,0x72,0x6f,0x70,0x65,0x72,0x74,0x79,0x20,0x76,0x65,0x63,
  0x74,0x6f,0x72,0x33,0x64,0x20,0x73,0x63,0x65,0x6e,0x65,0x50,0x6f,0x73,0x69,0x74,
  0x69,0x6f,0x6e,0xd,0xa,0x20,0x20,0x20,0x20,0x70,0x72,0x6f,0x70,0x65,0x72,0x74,
  0x79,0x20,0x76,0x65,0x63,0x74,0x6f,0x72,0x33,0x64,0x20,0x73,0x63,0x72,0x65,0x65,
  0x6e,0x50,0x6f,0x73,0x69,0x74,0x69,0x6f,0x6e,0xd,0xa,0x20,0x20,0x20,0x20,0x70,
  0x72,0x6f,0x70,0x65,0x72,0x74,0x79,0x20,0x61,0x6c,0x69,0x61,0x73,0x20,0x6c,0x61,
  0x62,0x65,0x6c,0x3a,0x20,0x6c,0x61,0x62,0x65,0x6c,0x2e,0x74,0x65,0x78,0x74,0xd,
  0xa,0xd,0xa,0x20,0x20,0x20,0x20,0x78,0x3a,0x20,0x73,0x63,0x72,0x65,0x65,0x6e,
  0x50,0x6f,0x73,0x69,0x74,0x69,0x6f,0x6e,0x2e,0x78,0xd,0xa,0x20,0x20,0x20,0x20,
  0x79,0x3a,0x20,0x73,0x63,0x72,0x65,0x65,0x6e,0x50,0x6f,0x73,0x69,0x74,0x69,0x6f,
  0x6e,0x2e,0x79,0xd,0xa,0xd,0xa,0x20,0x20,0x20,0x20,0x76,0x69,0x73,0x69,0x62,
  0x6c,0x65,0x3a,0x20,0x78,0x20,0x3e,0x20,0x30,0x20,0x26,0x26,0x20,0x79,0x20,0x3e,
  0x20,0x30,0xd,0xa,0xd,0xa,0x20,0x20,0x20,0x20,0x4d,0x61,0x74,0x65,0x72,0x69,
  0x61,0x6c,0x43,0x6f,0x6e,0x74,0x72,0x6f,0x6c,0x73,0x2e,0x4c,0x61,0x62,0x65,0x6c,
  0x20,0x7b,0xd,0xa,0x20,0x20,0x20,0x20,0x20,0x20,0x20,0x20,0x69,0x64,0x3a,0x20,
  0x6c,0x61,0x62,0x65,0x6c,0xd,0xa,0x20,0x20,0x20,0x20,0x20,0x20,0x20,0x20,0x65,
  0x6e,0x61,0x62,0x6c,0x65,0x64,0x3a,0x20,0x72,0x6f,0x6f,0x74,0x2e,0x69,0x73,0x46,
  0x6f,0x63,0x75,0x73,0x65,0x64,0xd,0xa,0x20,0x20,0x20,0x20,0x20,0x20,0x20,0x20,
  0x61,0x6e,0x63,0x68,0x6f,0x72,0x73,0x2e,0x62,0x6f,0x74,0x74,0x6f,0x6d,0x3a,0x20,
  0x72,0x65,0x63,0x74,0x2e,0x74,0x6f,0x70,0xd,0xa,0x20,0x20,0x20,0x20,0x20,0x20,
  0x20,0x20,0x61,0x6e,0x63,0x68,0x6f,0x72,0x73,0x2e,0x68,0x6f,0x72,0x69,0x7a,0x6f,
  0x6e,0x74,0x61,0x6c,0x43,0x65,0x6e,0x74,0x65,0x72,0x3a,0x20,0x72,0x65,0x63,0x74,
  0x2e,0x68,0x6f,0x72,0x69,0x7a,0x6f,0x6e,0x74,0x61,0x6c,0x43,0x65,0x6e,0x74,0x65,
  0x72,0xd,0xa,0x20,0x20,0x20,0x20,0x7d,0xd,0xa,0xd,0xa,0x20,0x20,0x20,0x20,
  0x52,0x65,0x63,0x74,0x61,0x6e,0x67,0x6c,0x65,0x20,0x7b,0xd,0xa,0x20,0x20,0x20,
  0x20,0x20,0x20,0x20,0x20,0x69,0x64,0x3a,0x20,0x72,0x65,0x63,0x74,0xd,0xa,0x20,
  0x20,0x20,0x20,0x20,0x20,0x20,0x20,0x77,0x69,0x64,0x74,0x68,0x3a,0x20,0x72,0x6f,
  0x6f,0x74,0x2e,0x73,0x69,0x7a,0x65,0xd,0xa,0x20,0x20,0x20,0x20,0x20,0x20,0x20,
  0x20,0x68,0x65,0x69,0x67,0x68,0x74,0x3a,0x20,0x72,0x6f,0x6f,0x74,0x2e,0x73,0x69,
  0x7a,0x65,0xd,0xa,0x20,0x20,0x20,0x20,0x20,0x20,0x20,0x20,0x63,0x6f,0x6c,0x6f,
  0x72,0x3a,0x20,0x22,0x54,0x72,0x61,0x6e,0x73,0x70,0x61,0x72,0x65,0x6e,0x74,0x22,
  0xd,0xa,0x20,0x20,0x20,0x20,0x20,0x20,0x20,0x20,0x72,0x61,0x64,0x69,0x75,0x73,
  0x3a,0x20,0x77,0x69,0x64,0x74,0x68,0x20,0x2f,0x20,0x32,0xd,0xa,0x20,0x20,0x20,
  0x20,0x20,0x20,0x20,0x20,0x62,0x6f,0x72,0x64,0x65,0x72,0x2e,0x77,0x69,0x64,0x74,
  0x68,0x3a,0x20,0x32,0xd,0xa,0x20,0x20,0x20,0x20,0x20,0x20,0x20,0x20,0x62,0x6f,
  0x72,0x64,0x65,0x72,0x2e,0x63,0x6f,0x6c,0x6f,0x72,0x3a,0x20,0x72,0x6f,0x6f,0x74,
  0x2e,0x69,0x73,0x46,0x6f,0x63,0x75,0x73,0x65,0x64,0x20,0x3f,0x20,0x4d,0x61,0x74,
  0x65,0x72,0x69,0x61,0x6c,0x43,0x6f,0x6e,0x74,0x72,0x6f,0x6c,0x73,0x2e,0x4d,0x61,
  0x74,0x65,0x72,0x69,0x61,0x6c,0x2e,0x61,0x63,0x63,0x65,0x6e,0x74,0x43,0x6f,0x6c,
  0x6f,0x72,0x20,0x3a,0x20,0x4d,0x61,0x74,0x65,0x72,0x69,0x61,0x6c,0x43,0x6f,0x6e,
  0x74,0x72,0x6f,0x6c,0x73,0x2e,0x4d,0x61,0x74,0x65,0x72,0x69,0x61,0x6c,0x2e,0x73,
  0x65,0x63,0x6f,0x6e,0x64,0x61,0x72,0x79,0x54,0x65,0x78,0x74,0x43,0x6f,0x6c,0x6f,
  0x72,0xd,0xa,0xd,0xa,0x20,0x20,0x20,0x20,0x20,0x20,0x20,0x20,0x61,0x6e,0x63,
  0x68,0x6f,0x72,0x73,0x2e,0x68,0x6f,0x72,0x69,0x7a,0x6f,0x6e,0x74,0x61,0x6c,0x43,
  0x65,0x6e,0x74,0x65,0x72,0x3a,0x20,0x70,0x61,0x72,0x65,0x6e,0x74,0x2e,0x6c,0x65,
  0x66,0x74,0xd,0xa,0x20,0x20,0x20,0x20,0x20,0x20,0x20,0x20,0x61,0x6e,0x63,0x68,
  0x6f,0x72,0x73,0x2e,0x76,0x65,0x72,0x74,0x69,0x63,0x61,0x6c,0x43,0x65,0x6e,0x74,
  0x65,0x72,0x3a,0x20,0x70,0x61,0x72,0x65,0x6e,0x74,0x2e,0x74,0x6f,0x70,0xd,0xa,
  0x20,0x20,0x20,0x20,0x7d,0xd,0xa,0xd,0xa,0x20,0x20,0x20,0x20,0x43,0x6f,0x6d,
  0x70,0x6f,0x6e,0x65,0x6e,0x74,0x2e,0x6f,0x6e,0x43,0x6f,0x6d,0x70,0x6c,0x65,0x74,
  0x65,0x64,0x3a,0x20,0x20,0x7b,0xd,0xa,0x20,0x20,0x20,0x20,0x20,0x20,0x20,0x20,
  0x73,0x63,0x72,0x65,0x65,0x6e,0x50,0x6f,0x73,0x69,0x74,0x69,0x6f,0x6e,0x20,0x3d,
  0x20,0x20,0x51,0x74,0x2e,0x62,0x69,0x6e,0x64,0x69,0x6e,0x67,0x28,0x66,0x75,0x6e,
  0x63,0x74,0x69,0x6f,0x6e,0x28,0x29,0x20,0x7b,0xd,0xa,0x20,0x20,0x20,0x20,0x20,
  0x20,0x20,0x20,0x20,0x20,0x20,0x20,0x6c,0x65,0x74,0x20,0x77,0x20,0x3d,0x20,0x76,
  0x69,0x65,0x77,0x33,0x44,0x2e,0x77,0x69,0x64,0x74,0x68,0x20,0x2f,0x2f,0x20,0x66,
  0x6f,0x72,0x63,0x65,0x20,0x74,0x68,0x65,0x20,0x62,0x69,0x6e,0x64,0x69,0x6e,0x67,
  0x20,0x74,0x6f,0x20,0x75,0x70,0x64,0x61,0x74,0x65,0x20,0x77,0x68,0x65,0x6e,0x20,
  0x77,0x69,0x64,0x74,0x68,0x20,0x6f,0x72,0x20,0x68,0x65,0x69,0x67,0x68,0x74,0x20,
  0x63,0x68,0x61,0x6e,0x67,0x65,0x73,0xd,0xa,0x20,0x20,0x20,0x20,0x20,0x20,0x20,
  0x20,0x20,0x20,0x20,0x20,0x6c,0x65,0x74,0x20,0x68,0x20,0x3d,0x20,0x76,0x69,0x65,
  0x77,0x33,0x44,0x2e,0x68,0x65,0x69,0x67,0x68,0x74,0xd,0xa,0xd,0xa,0x20,0x20,
  0x20,0x20,0x20,0x20,0x20,0x20,0x20,0x20,0x20,0x20,0x72,0x65,0x74,0x75,0x72,0x6e,
  0x20,0x76,0x69,0x65,0x77,0x33,0x44,0x2e,0x6d,0x61,0x70,0x46,0x72,0x6f,0x6d,0x33,
  0x44,0x53,0x63,0x65,0x6e,0x65,0x28,0x73,0x63,0x65,0x6e,0x65,0x50,0x6f,0x73,0x69,
  0x74,0x69,0x6f,0x6e,0x29,0xd,0xa,0x20,0x20,0x20,0x20,0x20,0x20,0x20,0x20,0x7d,
  0x20,0x29,0xd,0xa,0x20,0x20,0x20,0x20,0x7d,0xd,0xa,0x7d,0xd,0xa,0xd,0xa,
  0x2f,0x2a,0x23,0x23,0x5e,0x23,0x23,0xd,0xa,0x44,0x65,0x73,0x69,0x67,0x6e,0x65,
  0x72,0x20,0x7b,0xd,0xa,0x20,0x20,0x20,0x20,0x44,0x7b,0x69,0x3a,0x30,0x3b,0x61,
  0x75,0x74,0x6f,0x53,0x69,0x7a,0x65,0x3a,0x74,0x72,0x75,0x65,0x3b,0x68,0x65,0x69,
  0x67,0x68,0x74,0x3a,0x34,0x38,0x30,0x3b,0x77,0x69,0x64,0x74,0x68,0x3a,0x36,0x34,
  0x30,0x7d,0xd,0xa,0x7d,0xd,0xa,0x23,0x23,0x5e,0x23,0x23,0x2a,0x2f,0xd,0xa,
  
    // LabeledSlider.ui.qml
  0x0,0x0,0x3,0x88,
  0x2f,
  0x2f,0x20,0x43,0x6f,0x70,0x79,0x72,0x69,0x67,0x68,0x74,0x20,0x28,0x43,0x29,0x20,
  0x32,0x30,0x32,0x32,0x20,0x54,0x68,0x65,0x20,0x51,0x74,0x20,0x43,0x6f,0x6d,0x70,
  0x61,0x6e,0x79,0x20,0x4c,0x74,0x64,0x2e,0xd,0xa,0x2f,0x2f,0x20,0x53,0x50,0x44,
  0x58,0x2d,0x4c,0x69,0x63,0x65,0x6e,0x73,0x65,0x2d,0x49,0x64,0x65,0x6e,0x74,0x69,
  0x66,0x69,0x65,0x72,0x3a,0x20,0x4c,0x69,0x63,0x65,0x6e,0x73,0x65,0x52,0x65,0x66,
  0x2d,0x51,0x74,0x2d,0x43,0x6f,0x6d,0x6d,0x65,0x72,0x63,0x69,0x61,0x6c,0x20,0x4f,
  0x52,0x20,0x42,0x53,0x44,0x2d,0x33,0x2d,0x43,0x6c,0x61,0x75,0x73,0x65,0xd,0xa,
  0xd,0xa,0x2f,0x2a,0xd,0xa,0x54,0x68,0x69,0x73,0x20,0x69,0x73,0x20,0x61,0x20,
  0x55,0x49,0x20,0x66,0x69,0x6c,0x65,0x20,0x28,0x2e,0x75,0x69,0x2e,0x71,0x6d,0x6c,
  0x29,0x20,0x74,0x68,0x61,0x74,0x20,0x69,0x73,0x20,0x69,0x6e,0x74,0x65,0x6e,0x64,
  0x65,0x64,0x20,0x74,0x6f,0x20,0x62,0x65,0x20,0x65,0x64,0x69,0x74,0x65,0x64,0x20,
  0x69,0x6e,0x20,0x51,0x74,0x20,0x44,0x65,0x73,0x69,0x67,0x6e,0x20,0x53,0x74,0x75,
  0x64,0x69,0x6f,0x20,0x6f,0x6e,0x6c,0x79,0x2e,0xd,0xa,0x49,0x74,0x20,0x69,0x73,
  0x20,0x73,0x75,0x70,0x70,0x6f,0x73,0x65,0x64,0x20,0x74,0x6f,0x20,0x62,0x65,0x20,
  0x73,0x74,0x72,0x69,0x63,0x74,0x6c,0x79,0x20,0x64,0x65,0x63,0x6c,0x61,0x72,0x61,
  0x74,0x69,0x76,0x65,0x20,0x61,0x6e,0x64,0x20,0x6f,0x6e,0x6c,0x79,0x20,0x75,0x73,
  0x65,0x73,0x20,0x61,0x20,0x73,0x75,0x62,0x73,0x65,0x74,0x20,0x6f,0x66,0x20,0x51,
  0x4d,0x4c,0x2e,0x20,0x49,0x66,0x20,0x79,0x6f,0x75,0x20,0x65,0x64,0x69,0x74,0xd,
  0xa,0x74,0x68,0x69,0x73,0x20,0x66,0x69,0x6c,0x65,0x20,0x6d,0x61,0x6e,0x75,0x61,
  0x6c,0x6c,0x79,0x2c,0x20,0x79,0x6f,0x75,0x20,0x6d,0x69,0x67,0x68,0x74,0x20,0x69,
  0x6e,0x74,0x72,0x6f,0x64,0x75,0x63,0x65,0x20,0x51,0x4d,0x4c,0x20,0x63,0x6f,0x64,
  0x65,0x20,0x74,0x68,0x61,0x74,0x20,0x69,0x73,0x20,0x6e,0x6f,0x74,0x20,0x73,0x75,
  0x70,0x70,0x6f,0x72,0x74,0x65,0x64,0x20,0x62,0x79,0x20,0x51,0x74,0x20,0x44,0x65,
  0x73,0x69,0x67,0x6e,0x20,0x53,0x74,0x75,0x64,0x69,0x6f,0x2e,0xd,0xa,0x43,0x68,
  0x65,0x63,0x6b,0x20,0x6f,0x75,0x74,0x20,0x68,0x74,0x74,0x70,0x73,0x3a,0x2f,0x2f,
  0x64,0x6f,0x63,0x2e,0x71,0x74,0x2e,0x69,0x6f,0x2f,0x71,0x74,0x63,0x72,0x65,0x61,
  0x74,0x6f,0x72,0x2f,0x63,0x72,0x65,0x61,0x74,0x6f,0x72,0x2d,0x71,0x75,0x69,0x63,
  0x6b,0x2d,0x75,0x69,0x2d,0x66,0x6f,0x72,0x6d,0x73,0x2e,0x68,0x74,0x6d,0x6c,0x20,
  0x66,0x6f,0x72,0x20,0x64,0x65,0x74,0x61,0x69,0x6c,0x73,0x20,0x6f,0x6e,0x20,0x2e,
  0x75,0x69,0x2e,0x71,0x6d,0x6c,0x20,0x66,0x69,0x6c,0x65,0x73,0x2e,0xd,0xa,0x2a,
  0x2f,0xd,0xa,0x69,0x6d,0x70,0x6f,0x72,0x74,0x20,0x51,0x74,0x51,0x75,0x69,0x63,
  0x6b,0xd,0xa,0x69,0x6d,0x70,0x6f,0x72,0x74,0x20,0x51,0x74,0x51,0x75,0x69,0x63,
  0x6b,0x2e,0x43,0x6f,0x6e,0x74,0x72,0x6f,0x6c,0x73,0xd,0xa,0xd,0xa,0x53,0x6c,
  0x69,0x64,0x65,0x72,0x20,0x7b,0xd,0xa,0x20,0x20,0x20,0x20,0x70,0x72,0x6f,0x70,
  0x65,0x72,0x74,0x79,0x20,0x73,0x74,0x72,0x69,0x6e,0x67,0x20,0x6c,0x61,0x62,0x65,
  0x6c,0x54,0x65,0x78,0x74,0x3a,0x20,0x71,0x73,0x54,0x72,0x28,0x22,0x54,0x65,0x78,
  0x74,0x22,0x29,0xd,0xa,0x20,0x20,0x20,0x20,0x73,0x74,0x65,0x70,0x53,0x69,0x7a,
  0x65,0x3a,0x20,0x31,0xd,0xa,0xd,0xa,0x20,0x20,0x20,0x20,0x4c,0x61,0x62,0x65,
  0x6c,0x20,0x7b,0xd,0xa,0x20,0x20,0x20,0x20,0x20,0x20,0x20,0x20,0x74,0x65,0x78,
  0x74,0x3a,0x20,0x70,0x61,0x72,0x65,0x6e,0x74,0x2e,0x6c,0x61,0x62,0x65,0x6c,0x54,
  0x65,0x78,0x74,0xd,0xa,0x20,0x20,0x20,0x20,0x20,0x20,0x20,0x20,0x61,0x6e,0x63,
  0x68,0x6f,0x72,0x73,0x2e,0x6c,0x65,0x66,0x74,0x3a,0x20,0x70,0x61,0x72,0x65,0x6e,
  0x74,0x2e,0x6c,0x65,0x66,0x74,0xd,0xa,0x20,0x20,0x20,0x20,0x20,0x20,0x20,0x20,
  0x61,0x6e,0x63,0x68,0x6f,0x72,0x73,0x2e,0x62,0x6f,0x74,0x74,0x6f,0x6d,0x3a,0x20,
  0x70,0x61,0x72,0x65,0x6e,0x74,0x2e,0x74,0x6f,0x70,0xd,0xa,0x20,0x20,0x20,0x20,
  0x20,0x20,0x20,0x20,0x62,0x6f,0x74,0x74,0x6f,0x6d,0x50,0x61,0x64,0x64,0x69,0x6e,
  0x67,0x3a,0x20,0x2d,0x31,0x32,0xd,0xa,0x20,0x20,0x20,0x20,0x7d,0xd,0xa,0x20,
  0x20,0x20,0x20,0x4c,0x61,0x62,0x65,0x6c,0x20,0x7b,0xd,0xa,0x20,0x20,0x20,0x20,
  0x20,0x20,0x20,0x20,0x74,0x65,0x78,0x74,0x3a,0x20,0x70,0x61,0x72,0x65,0x6e,0x74,
  0x2e,0x76,0x61,0x6c,0x75,0x65,0xd,0xa,0x20,0x20,0x20,0x20,0x20,0x20,0x20,0x20,
  0x61,0x6e,0x63,0x68,0x6f,0x72,0x73,0x2e,0x72,0x69,0x67,0x68,0x74,0x3a,0x20,0x70,
  0x61,0x72,0x65,0x6e,0x74,0x2e,0x72,0x69,0x67,0x68,0x74,0xd,0xa,0x20,0x20,0x20,
  0x20,0x20,0x20,0x20,0x20,0x61,0x6e,0x63,0x68,0x6f,0x72,0x73,0x2e,0x62,0x6f,0x74,
  0x74,0x6f,0x6d,0x3a,0x20,0x70,0x61,0x72,0x65,0x6e,0x74,0x2e,0x74,0x6f,0x70,0xd,
  0xa,0x20,0x20,0x20,0x20,0x20,0x20,0x20,0x20,0x62,0x6f,0x74,0x74,0x6f,0x6d,0x50,
  0x61,0x64,0x64,0x69,0x6e,0x67,0x3a,0x20,0x2d,0x31,0x32,0xd,0xa,0x20,0x20,0x20,
  0x20,0x7d,0xd,0xa,0x7d,0xd,0xa,
    // MagicianLink3.qml
  0x0,0x0,0x3,0x15,
  0x28,
  0xb5,0x2f,0xfd,0x60,0xc9,0xe,0x5d,0x18,0x0,0xf6,0x9c,0x58,0x24,0x10,0x91,0xf3,
  0xe6,0xe1,0x2a,0xcb,0xd8,0x7e,0x4b,0x57,0xf0,0x5,0x69,0xac,0xf4,0x47,0x88,0x6,
  0xf8,0x26,0x8a,0x1b,0xb2,0x89,0x49,0x26,0xdf,0xf5,0xfa,0x36,0x0,0x80,0x2a,0x0,
  0x54,0x59,0x0,0x4f,0x0,0x48,0x0,0x90,0x5a,0xe4,0xc4,0xd2,0xb0,0x21,0x2b,0xd1,
  0x94,0xcb,0x62,0x9,0xa0,0x12,0x24,0x21,0xc8,0xa,0x29,0x0,0xea,0x0,0xc0,0x81,
  0xc8,0xb,0x64,0x98,0xa2,0xac,0xa0,0x48,0x97,0xe7,0xed,0x3e,0x16,0x11,0x42,0x14,
  0x8,0x4e,0x2a,0x27,0xb8,0x50,0x91,0x10,0x66,0xc6,0x68,0xd2,0x48,0x95,0x91,0x62,
  0x48,0x55,0x4e,0x9c,0xc7,0xa3,0x89,0x1c,0x48,0x65,0x3a,0x4d,0x87,0x23,0x2b,0x12,
  0x43,0xd3,0x24,0x74,0x63,0x11,0x27,0x86,0x64,0x92,0x38,0x13,0x95,0x30,0x97,0x19,
  0xfb,0x58,0x71,0x63,0xbb,0xd6,0x6e,0xfb,0x6a,0xe6,0xb6,0xd2,0x54,0xca,0x98,0x55,
  0xc2,0x44,0x20,0x84,0x59,0x18,0xd8,0x2,0x87,0xc0,0x2d,0xbb,0x75,0x6a,0x5,0x22,
  0x8c,0xb,0x35,0x49,0xe0,0x24,0x51,0x19,0x49,0x48,0xfd,0x7f,0x67,0xd7,0xdf,0x1c,
  0x5b,0x67,0xaa,0xf9,0x73,0xe7,0xca,0x81,0x39,0x20,0x9d,0x78,0x34,0x24,0x8d,0xd5,
  0x3d,0x2a,0x8,0x26,0xa7,0x49,0xa1,0x91,0x61,0x7,0x12,0x49,0x73,0x8a,0x1,0xfd,
  0x4f,0x79,0xeb,0x5d,0xad,0x7e,0x3d,0xe6,0x8c,0x9f,0x53,0xdf,0xae,0x5d,0x3d,0xaf,
  0xdf,0xd6,0x54,0xc3,0xc0,0xf8,0x98,0x3d,0xdf,0xda,0x6b,0xee,0x6a,0x31,0xeb,0xc6,
  0xbe,0x5,0x92,0xdf,0xaf,0x57,0xef,0xb7,0x15,0x9e,0xb6,0x88,0x26,0x94,0x91,0x70,
  0x9a,0x8,0x7,0x52,0xd5,0xa3,0x4a,0x8a,0x2a,0x2f,0x4b,0x42,0x30,0x56,0xb6,0xfa,
  0xd9,0x53,0xbe,0xed,0xb8,0xff,0xad,0x4d,0xa6,0x81,0xd4,0xcb,0x8c,0xc,0xd6,0xf6,
  0x3e,0x5e,0xeb,0x1f,0x26,0x91,0x87,0x1f,0x83,0x67,0x79,0x3d,0xed,0x23,0x6e,0x5e,
  0xaf,0xd6,0x3b,0xf6,0xa6,0xfa,0x3d,0xe6,0xca,0xb5,0x33,0xf7,0xda,0x6b,0xcc,0x5e,
  0xb7,0xb5,0x16,0x33,0xe6,0x7c,0xdd,0xdd,0x9f,0x1f,0x33,0xe6,0xfe,0x57,0xb7,0xf7,
  0x9c,0x71,0x37,0xff,0x3a,0xc7,0xa,0x1,0x8a,0x74,0xc6,0xc,0x81,0xb3,0x80,0xbb,
  0xa0,0x81,0x45,0x99,0x31,0x22,0x49,0x52,0xc8,0x70,0x60,0x64,0x64,0x6a,0xca,0xb8,
  0x1,0x31,0x43,0x20,0xc5,0xc8,0x34,0xd3,0x54,0x7d,0x35,0xc5,0x1,0x9e,0x9,0x1d,
  0xf,0x38,0x50,0xda,0x76,0xc2,0xdd,0x84,0xf5,0x68,0x80,0x67,0x0,0x43,0xb2,0x4a,
  0x9b,0x45,0x80,0x1d,0x81,0x59,0x6b,0x87,0x48,0xb4,0x6c,0xf,0xcd,0xc7,0x10,0x9c,
  0x8a,0x35,0xeb,0xd9,0xb5,0x9e,0x7b,0x8,0x1f,0x50,0x5a,0x11,0x9c,0x5c,0x83,0x34,
  0x8d,0xee,0x14,0xc5,0x0,0x39,0xb,0x33,0x47,0x92,0x43,0x13,0xbd,0xa2,0x42,0xc,
  0x52,0x23,0xc7,0x4e,0x9,0xbc,0x2b,0x5f,0x8b,0x3d,0x2a,0xf0,0x28,0x99,0x36,0x85,
  0x7f,0x3b,0xc4,0x3c,0x1,0x69,0x65,0x8a,0xa5,0x8a,0xc,0xf0,0x68,0xc3,0x7e,0x0,
  0x7c,0xbc,0xb8,0x75,0xa2,0x84,0xc0,0x8c,0x59,0xf5,0x2f,0x41,0x1e,0xf8,0xea,0x2f,
  0xc9,0x37,0xa1,0x6b,0xe9,0xd,0xa1,0x2,0x35,0xa2,0x15,0xc5,0xea,0x6d,0x35,0xa2,
  0x84,0x20,0x5e,0xc,0x2f,0xd0,0x84,0xb7,0x3c,0x6c,0x72,0x10,0x30,0xf0,0xf4,0x97,
  0xbc,0x69,0x8c,0xb,0xae,0xc,0x35,0x8,0x35,0x64,0xf0,0xae,0x39,0xbd,0x40,0x9,
  0xcc,0x55,0xc8,0xa1,0xda,0xb6,0x91,0xcb,0x62,0xb9,0x8a,0xfb,0x74,0xa1,0x81,0xdb,
  0x10,0xc1,0x83,0x55,0x0,0x88,0x0,0x33,0x3,0x8b,0x8a,0x90,0xfa,0x2d,0x1e,0xc9,
  0x4,0x80,0x57,0xa1,0x88,0x5a,0x32,0xc6,0xd6,0x1b,0x0,0xa6,0x0,0x2d,0xbe,0x78,
  0xaa,0x69,0x18,0x21,0x90,0x1,0x30,0xf0,0x47,0x71,0x5,0xda,0xd1,0x48,0x78,0x48,
  0x7e,0xc2,0xef,0x73,0x15,0x81,0x2c,0x7d,0xc9,0x6f,0x39,0x7c,0xf,0x69,0x19,0x58,
  0xd6,0x42,0xbb,0x1c,0x68,0xad,0x2,0x2e,0xf0,0x34,0xcb,0x96,0x3c,0x12,0xe4,0x30,
  0x93,0xed,0x1a,0xac,0x38,0xd,0xfa,0xa1,0x97,0x34,0x14,0xd0,0x11,0x2c,0x44,0x15,
  0xa9,0xc0,0x21,0x64,0x25,0x9c,0x36,0xcb,0x0,0x9b,0x17,0x51,0xbc,0x7,0xe4,0xbb,
  0x58,0x5,0x3e,0xe3,0x96,0x1c,0x84,0xc9,0x1,0x96,0x30,0xb8,0xb9,0xe1,0x7,0x48,
  0xd0,0xe0,0x53,0x7a,0x36,0xe4,0x72,0x74,0x6a,0x61,0x99,0x14,0x3,0x51,0xb8,0x64,
  0xc8,0x21,0x87,0xab,0x45,0x28,0xc8,0x10,0x9f,0x5e,0x22,0x18,0xb6,0xc0,0x4d,0x2d,
  0x22,0xb0,0x21,0xc5,0xcb,0x5f,0x8,0x12,0xfe,0x42,0x81,0x65,0xe0,0x1b,0x15,0x70,
  0xe7,0x6f,0x3,0xde,0xb7,0x9f,0xb2,0xa0,0x3,0xc,0x16,0x16,0xc0,0xa5,0x40,0xa8,
  0xbc,0x44,0xd9,0x2f,0x62,0xd9,0x92,0x2a,0x59,0x2b,0x8c,0x20,0x26,0x0,0x19,0x20,
  0x15,0xf9,0xfd,0x1,
    // MagicianSuctionCup.qml
  0x0,0x0,0x3,0x43,
  0x69,
  0x6d,0x70,0x6f,0x72,0x74,0x20,0x51,0x74,0x51,0x75,0x69,0x63,0x6b,0xa,0x69,0x6d,
  0x70,0x6f,0x72,0x74,0x20,0x51,0x74,0x51,0x75,0x69,0x63,0x6b,0x33,0x44,0xa,0xa,
  0x4e,0x6f,0x64,0x65,0x20,0x7b,0xa,0x20,0x20,0x20,0x20,0x69,0x64,0x3a,0x20,0x6e,
  0x6f,0x64,0x65,0xa,0xa,0x20,0x20,0x20,0x20,0x2f,0x2f,0x20,0x52,0x65,0x73,0x6f,
  0x75,0x72,0x63,0x65,0x73,0xa,0x20,0x20,0x20,0x20,0x50,0x72,0x69,0x6e,0x63,0x69,
  0x70,0x6c,0x65,0x64,0x4d,0x61,0x74,0x65,0x72,0x69,0x61,0x6c,0x20,0x7b,0xa,0x20,
  0x20,0x20,0x20,0x20,0x20,0x20,0x20,0x69,0x64,0x3a,0x20,0x6d,0x65,0x74,0x61,0x6c,
  0x5f,0x6d,0x61,0x74,0x65,0x72,0x69,0x61,0x6c,0xa,0x20,0x20,0x20,0x20,0x20,0x20,
  0x20,0x20,0x6f,0x62,0x6a,0x65,0x63,0x74,0x4e,0x61,0x6d,0x65,0x3a,0x20,0x22,0x4d,
  0x65,0x74,0x61,0x6c,0x22,0xa,0x20,0x20,0x20,0x20,0x20,0x20,0x20,0x20,0x62,0x61,
  0x73,0x65,0x43,0x6f,0x6c,0x6f,0x72,0x3a,0x20,0x22,0x23,0x66,0x66,0x61,0x33,0x61,
  0x33,0x61,0x33,0x22,0xa,0x20,0x20,0x20,0x20,0x20,0x20,0x20,0x20,0x69,0x6e,0x64,
  0x65,0x78,0x4f,0x66,0x52,0x65,0x66,0x72,0x61,0x63,0x74,0x69,0x6f,0x6e,0x3a,0x20,
  0x31,0xa,0x20,0x20,0x20,0x20,0x7d,0xa,0xa,0x20,0x20,0x20,0x20,0x2f,0x2f,0x20,
  0x4e,0x6f,0x64,0x65,0x73,0x3a,0xa,0x20,0x20,0x20,0x20,0x4e,0x6f,0x64,0x65,0x20,
  0x7b,0xa,0x20,0x20,0x20,0x20,0x20,0x20,0x20,0x20,0x69,0x64,0x3a,0x20,0x73,0x63,
  0x65,0x6e,0x65,0xa,0x20,0x20,0x20,0x20,0x20,0x20,0x20,0x20,0x6f,0x62,0x6a,0x65,
  0x63,0x74,0x4e,0x61,0x6d,0x65,0x3a,0x20,0x22,0x53,0x63,0x65,0x6e,0x65,0x22,0xa,
  0x20,0x20,0x20,0x20,0x20,0x20,0x20,0x20,0x72,0x6f,0x74,0x61,0x74,0x69,0x6f,0x6e,
  0x3a,0x20,0x51,0x74,0x2e,0x71,0x75,0x61,0x74,0x65,0x72,0x6e,0x69,0x6f,0x6e,0x28,
  0x30,0x2e,0x37,0x30,0x37,0x31,0x30,0x37,0x2c,0x20,0x2d,0x30,0x2e,0x37,0x30,0x37,
  0x31,0x30,0x37,0x2c,0x20,0x30,0x2c,0x20,0x30,0x29,0xa,0x20,0x20,0x20,0x20,0x20,
  0x20,0x20,0x20,0x4d,0x6f,0x64,0x65,0x6c,0x20,0x7b,0xa,0x20,0x20,0x20,0x20,0x20,
  0x20,0x20,0x20,0x20,0x20,0x20,0x20,0x69,0x64,0x3a,0x20,0x73,0x75,0x63,0x74,0x69,
  0x6f,0x6e,0x43,0x75,0x70,0xa,0x20,0x20,0x20,0x20,0x20,0x20,0x20,0x20,0x20,0x20,
  0x20,0x20,0x6f,0x62,0x6a,0x65,0x63,0x74,0x4e,0x61,0x6d,0x65,0x3a,0x20,0x22,0x73,
  0x75,0x63,0x74,0x69,0x6f,0x6e,0x43,0x75,0x70,0x22,0xa,0x20,0x20,0x20,0x20,0x20,
  0x20,0x20,0x20,0x20,0x20,0x20,0x20,0x70,0x6f,0x73,0x69,0x74,0x69,0x6f,0x6e,0x3a,
  0x20,0x51,0x74,0x2e,0x76,0x65,0x63,0x74,0x6f,0x72,0x33,0x64,0x28,0x30,0x2e,0x32,
  0x33,0x32,0x39,0x39,0x35,0x2c,0x20,0x2d,0x39,0x2e,0x36,0x36,0x33,0x35,0x31,0x65,
  0x2d,0x30,0x35,0x2c,0x20,0x30,0x2e,0x30,0x31,0x33,0x35,0x32,0x35,0x32,0x29,0xa,
  0x20,0x20,0x20,0x20,0x20,0x20,0x20,0x20,0x20,0x20,0x20,0x20,0x72,0x6f,0x74,0x61,
  0x74,0x69,0x6f,0x6e,0x3a,0x20,0x51,0x74,0x2e,0x71,0x75,0x61,0x74,0x65,0x72,0x6e,
  0x69,0x6f,0x6e,0x28,0x31,0x2e,0x30,0x33,0x30,0x32,0x38,0x65,0x2d,0x31,0x32,0x2c,
  0x20,0x2d,0x33,0x2e,0x36,0x35,0x31,0x37,0x38,0x65,0x2d,0x30,0x36,0x2c,0x20,0x32,
  0x2e,0x38,0x32,0x31,0x33,0x65,0x2d,0x30,0x37,0x2c,0x20,0x31,0x29,0xa,0x20,0x20,
  0x20,0x20,0x20,0x20,0x20,0x20,0x20,0x20,0x20,0x20,0x73,0x63,0x61,0x6c,0x65,0x3a,
  0x20,0x51,0x74,0x2e,0x76,0x65,0x63,0x74,0x6f,0x72,0x33,0x64,0x28,0x30,0x2e,0x30,
  0x30,0x30,0x39,0x39,0x39,0x39,0x38,0x37,0x2c,0x20,0x30,0x2e,0x30,0x30,0x30,0x39,
  0x39,0x39,0x39,0x38,0x37,0x2c,0x20,0x30,0x2e,0x30,0x30,0x30,0x39,0x39,0x39,0x39,
  0x38,0x37,0x29,0xa,0x20,0x20,0x20,0x20,0x20,0x20,0x20,0x20,0x20,0x20,0x20,0x20,
  0x73,0x6f,0x75,0x72,0x63,0x65,0x3a,0x20,0x22,0x6d,0x65,0x73,0x68,0x65,0x73,0x2f,
  0x64,0x6f,0x62,0x6f,0x74,0x5f,0x4d,0x61,0x67,0x69,0x63,0x69,0x61,0x6e,0x5f,0x6d,
  0x69,0x74,0x5f,0x54,0x4f,0x4f,0x4c,0x53,0x5f,0x53,0x61,0x75,0x67,0x6e,0x61,0x70,
  0x66,0x5f,0x5f,0x73,0x74,0x6c,0x5f,0x30,0x30,0x31,0x5f,0x6d,0x65,0x73,0x68,0x2e,
  0x6d,0x65,0x73,0x68,0x22,0xa,0x20,0x20,0x20,0x20,0x20,0x20,0x20,0x20,0x20,0x20,
  0x20,0x20,0x6d,0x61,0x74,0x65,0x72,0x69,0x61,0x6c,0x73,0x3a,0x20,0x5b,0xa,0x20,
  0x20,0x20,0x20,0x20,0x20,0x20,0x20,0x20,0x20,0x20,0x20,0x20,0x20,0x20,0x20,0x6d,
  0x65,0x74,0x61,0x6c,0x5f,0x6d,0x61,0x74,0x65,0x72,0x69,0x61,0x6c,0xa,0x20,0x20,
  0x20,0x20,0x20,0x20,0x20,0x20,0x20,0x20,0x20,0x20,0x5d,0xa,0x20,0x20,0x20,0x20,
  0x20,0x20,0x20,0x20,0x7d,0xa,0x20,0x20,0x20,0x20,0x7d,0xa,0xa,0x20,0x20,0x20,
  0x20,0x2f,0x2f,0x20,0x41,0x6e,0x69,0x6d,0x61,0x74,0x69,0x6f,0x6e,0x73,0x3a,0xa,
  0x7d,0xa,
    // MagicianLink4.qml
  0x0,0x0,0x6,0x91,
  0x69,
  0x6d,0x70,0x6f,0x72,0x74,0x20,0x51,0x74,0x51,0x75,0x69,0x63,0x6b,0xa,0x69,0x6d,
  0x70,0x6f,0x72,0x74,0x20,0x51,0x74,0x51,0x75,0x69,0x63,0x6b,0x33,0x44,0xa,0xa,
  0x4e,0x6f,0x64,0x65,0x20,0x7b,0xa,0x20,0x20,0x20,0x20,0x69,0x64,0x3a,0x20,0x6e,
  0x6f,0x64,0x65,0xa,0xa,0x20,0x20,0x20,0x20,0x2f,0x2f,0x20,0x52,0x65,0x73,0x6f,
  0x75,0x72,0x63,0x65,0x73,0xa,0x20,0x20,0x20,0x20,0x50,0x72,0x69,0x6e,0x63,0x69,
  0x70,0x6c,0x65,0x64,0x4d,0x61,0x74,0x65,0x72,0x69,0x61,0x6c,0x20,0x7b,0xa,0x20,
  0x20,0x20,0x20,0x20,0x20,0x20,0x20,0x69,0x64,0x3a,0x20,0x62,0x6c,0x61,0x63,0x6b,
  0x5f,0x30,0x30,0x32,0x5f,0x6d,0x61,0x74,0x65,0x72,0x69,0x61,0x6c,0xa,0x20,0x20,
  0x20,0x20,0x20,0x20,0x20,0x20,0x6f,0x62,0x6a,0x65,0x63,0x74,0x4e,0x61,0x6d,0x65,
  0x3a,0x20,0x22,0x42,0x6c,0x61,0x63,0x6b,0x2e,0x30,0x30,0x32,0x22,0xa,0x20,0x20,
  0x20,0x20,0x20,0x20,0x20,0x20,0x62,0x61,0x73,0x65,0x43,0x6f,0x6c,0x6f,0x72,0x3a,
  0x20,0x22,0x23,0x66,0x66,0x32,0x65,0x32,0x65,0x32,0x65,0x22,0xa,0x20,0x20,0x20,
  0x20,0x20,0x20,0x20,0x20,0x69,0x6e,0x64,0x65,0x78,0x4f,0x66,0x52,0x65,0x66,0x72,
  0x61,0x63,0x74,0x69,0x6f,0x6e,0x3a,0x20,0x31,0xa,0x20,0x20,0x20,0x20,0x7d,0xa,
  0xa,0x20,0x20,0x20,0x20,0x2f,0x2f,0x20,0x4e,0x6f,0x64,0x65,0x73,0x3a,0xa,0x20,
  0x20,0x20,0x20,0x4e,0x6f,0x64,0x65,0x20,0x7b,0xa,0x20,0x20,0x20,0x20,0x20,0x20,
  0x20,0x20,0x69,0x64,0x3a,0x20,0x73,0x63,0x65,0x6e,0x65,0xa,0x20,0x20,0x20,0x20,
  0x20,0x20,0x20,0x20,0x6f,0x62,0x6a,0x65,0x63,0x74,0x4e,0x61,0x6d,0x65,0x3a,0x20,
  0x22,0x53,0x63,0x65,0x6e,0x65,0x22,0xa,0x20,0x20,0x20,0x20,0x20,0x20,0x20,0x20,
  0x72,0x6f,0x74,0x61,0x74,0x69,0x6f,0x6e,0x3a,0x20,0x51,0x74,0x2e,0x71,0x75,0x61,
  0x74,0x65,0x72,0x6e,0x69,0x6f,0x6e,0x28,0x30,0x2e,0x37,0x30,0x37,0x31,0x30,0x37,
  0x2c,0x20,0x2d,0x30,0x2e,0x37,0x30,0x37,0x31,0x30,0x37,0x2c,0x20,0x30,0x2c,0x20,
  0x30,0x29,0xa,0x20,0x20,0x20,0x20,0x20,0x20,0x20,0x20,0x4d,0x6f,0x64,0x65,0x6c,
  0x20,0x7b,0xa,0x20,0x20,0x20,0x20,0x20,0x20,0x20,0x20,0x20,0x20,0x20,0x20,0x69,
  0x64,0x3a,0x20,0x6c,0x69,0x6e,0x6b,0x34,0xa,0x20,0x20,0x20,0x20,0x20,0x20,0x20,
  0x20,0x20,0x20,0x20,0x20,0x6f,0x62,0x6a,0x65,0x63,0x74,0x4e,0x61,0x6d,0x65,0x3a,
  0x20,0x22,0x4c,0x69,0x6e,0x6b,0x34,0x22,0xa,0x20,0x20,0x20,0x20,0x20,0x20,0x20,
  0x20,0x20,0x20,0x20,0x20,0x70,0x6f,0x73,0x69,0x74,0x69,0x6f,0x6e,0x3a,0x20,0x51,
  0x74,0x2e,0x76,0x65,0x63,0x74,0x6f,0x72,0x33,0x64,0x28,0x30,0x2e,0x31,0x39,0x33,
  0x30,0x33,0x37,0x2c,0x20,0x2d,0x39,0x2e,0x34,0x34,0x35,0x32,0x31,0x65,0x2d,0x30,
  0x35,0x2c,0x20,0x30,0x2e,0x30,0x37,0x31,0x34,0x36,0x31,0x33,0x29,0xa,0x20,0x20,
  0x20,0x20,0x20,0x20,0x20,0x20,0x20,0x20,0x20,0x20,0x72,0x6f,0x74,0x61,0x74,0x69,
  0x6f,0x6e,0x3a,0x20,0x51,0x74,0x2e,0x71,0x75,0x61,0x74,0x65,0x72,0x6e,0x69,0x6f,
  0x6e,0x28,0x37,0x2e,0x35,0x34,0x39,0x39,0x65,0x2d,0x30,0x38,0x2c,0x20,0x2d,0x33,
  0x2e,0x36,0x35,0x31,0x37,0x38,0x65,0x2d,0x30,0x36,0x2c,0x20,0x32,0x2e,0x38,0x32,
  0x31,0x33,0x65,0x2d,0x30,0x37,0x2c,0x20,0x31,0x29,0xa,0x20,0x20,0x20,0x20,0x20,
  0x20,0x20,0x20,0x20,0x20,0x20,0x20,0x73,0x63,0x61,0x6c,0x65,0x3a,0x20,0x51,0x74,
  0x2e,0x76,0x65,0x63,0x74,0x6f,0x72,0x33,0x64,0x28,0x30,0x2e,0x30,0x30,0x30,0x39,
  0x39,0x39,0x39,0x38,0x37,0x2c,0x20,0x30,0x2e,0x30,0x30,0x30,0x39,0x39,0x39,0x39,
  0x38,0x37,0x2c,0x20,0x30,0x2e,0x30,0x30,0x30,0x39,0x39,0x39,0x39,0x38,0x37,0x29,
  0xa,0x20,0x20,0x20,0x20,0x20,0x20,0x20,0x20,0x20,0x20,0x20,0x20,0x73,0x6f,0x75,
  0x72,0x63,0x65,0x3a,0x20,0x22,0x6d,0x65,0x73,0x68,0x65,0x73,0x2f,0x6e,0x6f,0x64,
  0x65,0x38,0x36,0x5f,0x5f,0x5f,0x5f,0x5f,0x5f,0x5f,0x32,0x31,0x30,0x5f,0x41,0x5f,
  0x31,0x5f,0x50,0x52,0x54,0x5f,0x6d,0x65,0x73,0x68,0x2e,0x6d,0x65,0x73,0x68,0x22,
  0xa,0x20,0x20,0x20,0x20,0x20,0x20,0x20,0x20,0x20,0x20,0x20,0x20,0x6d,0x61,0x74,
  0x65,0x72,0x69,0x61,0x6c,0x73,0x3a,0x20,0x5b,0xa,0x20,0x20,0x20,0x20,0x20,0x20,
  0x20,0x20,0x20,0x20,0x20,0x20,0x20,0x20,0x20,0x20,0x62,0x6c,0x61,0x63,0x6b,0x5f,
  0x30,0x30,0x32,0x5f,0x6d,0x61,0x74,0x65,0x72,0x69,0x61,0x6c,0xa,0x20,0x20,0x20,
  0x20,0x20,0x20,0x20,0x20,0x20,0x20,0x20,0x20,0x5d,0xa,0x20,0x20,0x20,0x20,0x20,
  0x20,0x20,0x20,0x20,0x20,0x20,0x20,0x4d,0x6f,0x64,0x65,0x6c,0x20,0x7b,0xa,0x20,
  0x20,0x20,0x20,0x20,0x20,0x20,0x20,0x20,0x20,0x20,0x20,0x20,0x20,0x20,0x20,0x69,
  0x64,0x3a,0x20,0x6c,0x69,0x6e,0x6b,0x34,0x5f,0x6d,0x6f,0x74,0x6f,0x72,0xa,0x20,
  0x20,0x20,0x20,0x20,0x20,0x20,0x20,0x20,0x20,0x20,0x20,0x20,0x20,0x20,0x20,0x6f,
  0x62,0x6a,0x65,0x63,0x74,0x4e,0x61,0x6d,0x65,0x3a,0x20,0x22,0x4c,0x69,0x6e,0x6b,
  0x34,0x5f,0x6d,0x6f,0x74,0x6f,0x72,0x22,0xa,0x20,0x20,0x20,0x20,0x20,0x20,0x20,
  0x20,0x20,0x20,0x20,0x20,0x20,0x20,0x20,0x20,0x70,0x6f,0x73,0x69,0x74,0x69,0x6f,
  0x6e,0x3a,0x20,0x51,0x74,0x2e,0x76,0x65,0x63,0x74,0x6f,0x72,0x33,0x64,0x28,0x2d,
  0x34,0x33,0x2e,0x38,0x34,0x34,0x2c,0x20,0x30,0x2e,0x30,0x30,0x32,0x31,0x31,0x34,
  0x37,0x34,0x2c,0x20,0x2d,0x31,0x2e,0x39,0x32,0x33,0x35,0x37,0x29,0xa,0x20,0x20,
  0x20,0x20,0x20,0x20,0x20,0x20,0x20,0x20,0x20,0x20,0x20,0x20,0x20,0x20,0x72,0x6f,
  0x74,0x61,0x74,0x69,0x6f,0x6e,0x3a,0x20,0x51,0x74,0x2e,0x71,0x75,0x61,0x74,0x65,
  0x72,0x6e,0x69,0x6f,0x6e,0x28,0x31,0x2c,0x20,0x35,0x2e,0x34,0x34,0x35,0x37,0x65,
  0x2d,0x30,0x39,0x2c,0x20,0x2d,0x32,0x2e,0x33,0x38,0x34,0x34,0x32,0x65,0x2d,0x30,
  0x38,0x2c,0x20,0x37,0x2e,0x35,0x36,0x30,0x38,0x65,0x2d,0x30,0x38,0x29,0xa,0x20,
  0x20,0x20,0x20,0x20,0x20,0x20,0x20,0x20,0x20,0x20,0x20,0x20,0x20,0x20,0x20,0x73,
  0x63,0x61,0x6c,0x65,0x3a,0x20,0x51,0x74,0x2e,0x76,0x65,0x63,0x74,0x6f,0x72,0x33,
  0x64,0x28,0x31,0x2c,0x20,0x31,0x2c,0x20,0x31,0x29,0xa,0x20,0x20,0x20,0x20,0x20,
  0x20,0x20,0x20,0x20,0x20,0x20,0x20,0x20,0x20,0x20,0x20,0x73,0x6f,0x75,0x72,0x63,
  0x65,0x3a,0x20,0x22,0x6d,0x65,0x73,0x68,0x65,0x73,0x2f,0x64,0x6f,0x62,0x6f,0x74,
  0x5f,0x4d,0x61,0x67,0x69,0x63,0x69,0x61,0x6e,0x5f,0x6d,0x69,0x74,0x5f,0x54,0x4f,
  0x4f,0x4c,0x53,0x5f,0x34,0x5f,0x41,0x63,0x68,0x73,0x65,0x5f,0x5f,0x73,0x74,0x6c,
  0x5f,0x30,0x30,0x32,0x5f,0x6d,0x65,0x73,0x68,0x2e,0x6d,0x65,0x73,0x68,0x22,0xa,
  0x20,0x20,0x20,0x20,0x20,0x20,0x20,0x20,0x20,0x20,0x20,0x20,0x20,0x20,0x20,0x20,
  0x6d,0x61,0x74,0x65,0x72,0x69,0x61,0x6c,0x73,0x3a,0x20,0x5b,0xa,0x20,0x20,0x20,
  0x20,0x20,0x20,0x20,0x20,0x20,0x20,0x20,0x20,0x20,0x20,0x20,0x20,0x20,0x20,0x20,
  0x20,0x62,0x6c,0x61,0x63,0x6b,0x5f,0x30,0x30,0x32,0x5f,0x6d,0x61,0x74,0x65,0x72,
  0x69,0x61,0x6c,0xa,0x20,0x20,0x20,0x20,0x20,0x20,0x20,0x20,0x20,0x20,0x20,0x20,
  0x20,0x20,0x20,0x20,0x5d,0xa,0x20,0x20,0x20,0x20,0x20,0x20,0x20,0x20,0x20,0x20,
  0x20,0x20,0x7d,0xa,0x20,0x20,0x20,0x20,0x20,0x20,0x20,0x20,0x7d,0xa,0x20,0x20,
  0x20,0x20,0x20,0x20,0x20,0x20,0x4d,0x6f,0x64,0x65,0x6c,0x20,0x7b,0xa,0x20,0x20,
  0x20,0x20,0x20,0x20,0x20,0x20,0x20,0x20,0x20,0x20,0x69,0x64,0x3a,0x20,0x6e,0x6f,
  0x64,0x65,0x39,0x33,0x5f,0x5f,0x5f,0x5f,0x5f,0x5f,0x5f,0x32,0x33,0x30,0x5f,0x41,
  0x5f,0x31,0x5f,0x50,0x52,0x54,0xa,0x20,0x20,0x20,0x20,0x20,0x20,0x20,0x20,0x20,
  0x20,0x20,0x20,0x6f,0x62,0x6a,0x65,0x63,0x74,0x4e,0x61,0x6d,0x65,0x3a,0x20,0x22,
  0x39,0x33,0x2e,0x20,0x5f,0x5f,0x5f,0x5f,0x5f,0x32,0x33,0x30,0x5f,0x41,0x5f,0x31,
  0x2e,0x50,0x52,0x54,0x22,0xa,0x20,0x20,0x20,0x20,0x20,0x20,0x20,0x20,0x20,0x20,
  0x20,0x20,0x70,0x6f,0x73,0x69,0x74,0x69,0x6f,0x6e,0x3a,0x20,0x51,0x74,0x2e,0x76,
  0x65,0x63,0x74,0x6f,0x72,0x33,0x64,0x28,0x30,0x2e,0x32,0x30,0x37,0x39,0x39,0x36,
  0x2c,0x20,0x2d,0x30,0x2e,0x30,0x30,0x30,0x31,0x38,0x38,0x39,0x38,0x2c,0x20,0x30,
  0x2e,0x30,0x34,0x35,0x39,0x31,0x30,0x38,0x29,0xa,0x20,0x20,0x20,0x20,0x20,0x20,
  0x20,0x20,0x20,0x20,0x20,0x20,0x73,0x63,0x61,0x6c,0x65,0x3a,0x20,0x51,0x74,0x2e,
  0x76,0x65,0x63,0x74,0x6f,0x72,0x33,0x64,0x28,0x30,0x2e,0x30,0x30,0x30,0x38,0x32,
  0x34,0x37,0x36,0x38,0x2c,0x20,0x30,0x2e,0x30,0x30,0x30,0x38,0x32,0x34,0x37,0x36,
  0x38,0x2c,0x20,0x30,0x2e,0x30,0x30,0x30,0x38,0x32,0x34,0x37,0x36,0x38,0x29,0xa,
  0x20,0x20,0x20,0x20,0x20,0x20,0x20,0x20,0x20,0x20,0x20,0x20,0x73,0x6f,0x75,0x72,
  0x63,0x65,0x3a,0x20,0x22,0x6d,0x65,0x73,0x68,0x65,0x73,0x2f,0x6e,0x6f,0x64,0x65,
  0x39,0x33,0x5f,0x5f,0x5f,0x5f,0x5f,0x5f,0x5f,0x32,0x33,0x30,0x5f,0x41,0x5f,0x31,
  0x5f,0x50,0x52,0x54,0x5f,0x6d,0x65,0x73,0x68,0x2e,0x6d,0x65,0x73,0x68,0x22,0xa,
  0x20,0x20,0x20,0x20,0x20,0x20,0x20,0x20,0x20,0x20,0x20,0x20,0x6d,0x61,0x74,0x65,
  0x72,0x69,0x61,0x6c,0x73,0x3a,0x20,0x5b,0xa,0x20,0x20,0x20,0x20,0x20,0x20,0x20,
  0x20,0x20,0x20,0x20,0x20,0x20,0x20,0x20,0x20,0x62,0x6c,0x61,0x63,0x6b,0x5f,0x30,
  0x30,0x32,0x5f,0x6d,0x61,0x74,0x65,0x72,0x69,0x61,0x6c,0xa,0x20,0x20,0x20,0x20,
  0x20,0x20,0x20,0x20,0x20,0x20,0x20,0x20,0x5d,0xa,0x20,0x20,0x20,0x20,0x20,0x20,
  0x20,0x20,0x7d,0xa,0x20,0x20,0x20,0x20,0x7d,0xa,0xa,0x20,0x20,0x20,0x20,0x2f,
  0x2f,0x20,0x41,0x6e,0x69,0x6d,0x61,0x74,0x69,0x6f,0x6e,0x73,0x3a,0xa,0x7d,0xa,
  
    // MagicianLink2.qml
  0x0,0x0,0x5,0xd4,
  0x28,
  0xb5,0x2f,0xfd,0xa0,0x16,0x2c,0x1,0x0,0x45,0x2e,0x0,0x16,0xbf,0x99,0x24,0x10,
  0x95,0xd2,0x18,0xd2,0x2,0xda,0xa8,0xdb,0x50,0x20,0x88,0xed,0x95,0xa1,0x5a,0x90,
  0x28,0xb,0x85,0xb6,0xb7,0xdc,0x72,0x6f,0x99,0x9c,0x9d,0x31,0x4a,0x55,0x55,0xa3,
  0x80,0x53,0x1,0xc6,0x0,0x92,0x0,0x7a,0x0,0x88,0x10,0xa,0x58,0xa4,0xe,0x7,
  0x24,0xe3,0xe1,0x74,0xdc,0x29,0x5c,0x6e,0x6c,0x32,0x9a,0xbb,0x85,0x1,0x3c,0xa,
  0x1e,0xc1,0x51,0x16,0x5f,0x5c,0x8,0x5,0x36,0x1f,0x1e,0xd0,0xe7,0xe1,0x2e,0x1f,
  0x4e,0x67,0x13,0x45,0x9b,0xe8,0xae,0xe2,0xc1,0x24,0x89,0x14,0x7d,0x32,0x19,0x21,
  0x17,0x25,0x74,0xb0,0x88,0x96,0xd,0xcc,0x45,0x53,0x71,0x25,0x77,0x77,0x13,0xa6,
  0x6f,0x62,0x6b,0x15,0x22,0x22,0xaa,0x82,0xbe,0xca,0x86,0x93,0xf9,0x60,0x2e,0x9d,
  0x8b,0x8,0xe2,0xa2,0x41,0x24,0xb2,0xd8,0x64,0x6e,0x69,0xd3,0xd5,0x8b,0x8b,0x0,
  0x80,0xab,0x74,0x38,0x1a,0xe,0x42,0xe4,0xb9,0x54,0x0,0x44,0x0,0x5c,0x25,0xe2,
  0xb8,0x30,0x7c,0x30,0x91,0x46,0x5,0x87,0xc3,0x32,0x72,0xe9,0x60,0x58,0x42,0xa2,
  0xe,0xc6,0x73,0xa7,0xb9,0x64,0x3a,0xd1,0xe7,0xb2,0x60,0x11,0x69,0x3a,0x32,0x98,
  0x4d,0xa6,0xe3,0x70,0x77,0x37,0xf1,0x44,0x98,0xce,0x7,0xc7,0x13,0x41,0x5c,0x41,
  0xc1,0x64,0x73,0x15,0x8b,0xcc,0xdd,0xdd,0x84,0xe4,0x22,0xb,0xe,0xc3,0x64,0x92,
  0x90,0x26,0x1b,0x98,0xcc,0xc7,0xc3,0xe7,0xe1,0x3e,0x1d,0x4e,0x7,0x47,0x26,0x4a,
  0x29,0xa5,0x94,0x52,0x2a,0xa5,0x94,0x52,0x4a,0x29,0xa5,0x94,0x52,0x4a,0x29,0xa5,
  0x94,0x52,0x4a,0x29,0xa5,0x94,0x52,0xca,0xcc,0xcc,0xcc,0xcc,0xcc,0xcc,0xcc,0xcc,
  0xcc,0xcc,0xcc,0xcc,0xcc,0xcc,0xfc,0xff,0xff,0xff,0xff,0xff,0x7f,0x1c,0xc7,0x5b,
  0x6b,0x8c,0xb1,0xdd,0x5d,0x6b,0xa9,0xaa,0x52,0x2a,0xa5,0x94,0x88,0x39,0x22,0x34,
  0x62,0x22,0x5a,0xa2,0xcd,0x45,0xd3,0x71,0x94,0x21,0x96,0x58,0x52,0xab,0x94,0x6d,
  0x97,0x52,0x98,0x78,0x14,0xd5,0xc4,0xa4,0x8,0x21,0x41,0xc7,0x5,0x63,0x29,0xa1,
  0xb8,0xc9,0xc4,0x55,0x3c,0x90,0x65,0x44,0xcb,0x96,0x2,0x4f,0x94,0xe1,0x89,0x38,
  0x8e,0xb2,0xac,0xb5,0xd6,0x30,0xd2,0x5c,0x30,0x9e,0x85,0x4,0xd1,0x6a,0x4b,0x15,
  0xca,0x1b,0x91,0xad,0x45,0x48,0x91,0x20,0x62,0xd9,0x92,0x41,0x8d,0x6d,0xdb,0xb5,
  0x2,0xff,0xff,0xff,0xff,0xff,0xff,0xff,0xff,0xff,0xff,0xff,0xff,0xff,0xff,0xff,
  0xff,0xff,0xff,0x38,0x8e,0xe3,0x78,0x6b,0xad,0xb5,0xd6,0x5a,0x6b,0xad,0xb5,0xd6,
  0x5a,0x6b,0xad,0xb5,0xd6,0x5a,0x6b,0xad,0xb5,0xc6,0x18,0x63,0x8c,0x31,0xc6,0x18,
  0x63,0x8c,0x31,0xc6,0x18,0x63,0x8c,0x31,0xc6,0x18,0x63,0x8c,0xed,0xee,0xee,0xee,
  0xee,0xee,0xee,0xee,0xee,0xee,0xee,0xee,0xee,0xee,0xee,0xae,0xb5,0xd6,0x5a,0x6b,
  0xad,0xb5,0xd6,0x5a,0x6b,0xad,0xb5,0xd6,0x5a,0x6b,0xad,0xb5,0xd6,0x5a,0xaa,0xaa,
  0xaa,0xaa,0xaa,0xaa,0xaa,0xaa,0xaa,0xaa,0xaa,0xaa,0xaa,0xaa,0xaa,0x4a,0x29,0xa5,
  0x94,0x52,0x4a,0x29,0xa5,0x94,0x52,0x4a,0x29,0xa5,0x2,0x93,0x92,0x49,0xc5,0xc3,
  0x91,0xd9,0x18,0x1c,0xfe,0xc2,0xf5,0xa7,0xa8,0xf9,0xae,0x15,0xf3,0x14,0xaa,0xb4,
  0x9a,0x2d,0x4d,0x8a,0x4b,0x25,0x4c,0xea,0xc4,0xd4,0x99,0x4a,0x9b,0xb3,0x4d,0x54,
  0x47,0x23,0x5a,0xee,0x1a,0x6b,0x2a,0xd9,0x51,0xb6,0x35,0xb5,0x79,0xa7,0xc8,0x94,
  0xe,0xe1,0x51,0x52,0x63,0xb8,0x46,0x8,0x9,0x8e,0xd2,0x46,0xc5,0x14,0x21,0x44,
  0x1a,0x4c,0x27,0x83,0xb9,0xff,0xff,0xff,0xff,0xff,0xff,0xff,0xff,0xff,0xff,0xff,
  0xff,0xff,0xff,0xff,0xff,0xff,0xff,0xff,0xff,0xff,0xff,0xff,0xff,0xff,0xff,0xff,
  0xff,0xff,0xff,0xf,0x82,0x6c,0xa8,0x82,0x38,0x1b,0x11,0x21,0x11,0x49,0x92,0x54,
  0x2a,0x1d,0xc2,0x16,0x11,0x21,0x99,0x93,0xc2,0x72,0x42,0x20,0x8,0x82,0x20,0x14,
  0x1,0x42,0x90,0x10,0x20,0x4,0x8,0xc1,0x8,0x82,0x20,0x4,0xa,0x42,0x80,0x40,
  0x12,0x4,0x21,0x40,0x10,0x84,0x0,0x21,0x40,0xd8,0x7e,0xe,0xe,0xd9,0xb7,0x53,
  0xc8,0x20,0x9e,0xa5,0xa2,0xf9,0x4e,0x5d,0xb8,0xcc,0x43,0xae,0x70,0x49,0x43,0x64,
  0xe7,0x1b,0x5f,0xe6,0xa1,0x59,0x74,0xb9,0x49,0x23,0x7c,0x9d,0x8a,0xdf,0x4c,0xde,
  0x21,0x2,0x89,0xa4,0x6,0x16,0x53,0x87,0xe3,0xb9,0xbd,0x83,0x8,0x89,0x10,0x90,
  0x27,0x1a,0xc6,0x22,0x47,0xb7,0xb1,0x9a,0x5a,0x84,0xe5,0xce,0x69,0x1c,0xd2,0xea,
  0x26,0x9f,0x5,0x7a,0xc2,0xb,0xa8,0x28,0x5f,0x56,0x44,0xa3,0x5f,0x34,0x1d,0x21,
  0xe9,0x1e,0xd,0x4b,0x0,0x2c,0x2,0xa2,0xad,0x7a,0x40,0x26,0xfb,0xf6,0xd9,0x77,
  0xd0,0x16,0x3e,0x0,0x5,0x1d,0xf8,0x42,0x1e,0x64,0xe1,0x7,0x68,0xc1,0x83,0xb7,
  0xd0,0x81,0x2f,0xf8,0x80,0x2d,0x7c,0x60,0x16,0x3e,0xd0,0x16,0x38,0x30,0xb,0x1f,
  0x8c,0x2,0xf,0x6c,0xa1,0x7,0xab,0xf0,0x3,0xb0,0xe0,0xc1,0x2c,0xf0,0xc0,0x17,
  0x3a,0x50,0xb,0x3c,0x48,0x5,0x1f,0x8c,0x5,0xe,0x72,0xe1,0x7,0xb5,0xf0,0x1,
  0x56,0xf0,0xc1,0x2a,0xf4,0xc0,0x17,0x7c,0x40,0x17,0x3e,0x38,0xb,0xf,0x78,0x5,
  0x1e,0x98,0xc2,0xf,0x62,0x81,0x7,0xba,0xd0,0x81,0x56,0xf8,0x80,0x28,0xf8,0xe0,
  0x14,0x7c,0xe0,0xb,0x3a,0xc8,0x5,0xe,0xb2,0x82,0x7,0x47,0x81,0x7,0x59,0xf0,
  0x83,0x5c,0xf8,0x0,0x2d,0x78,0xf0,0x15,0x3a,0xb0,0xb,0x3f,0xa0,0x85,0x1f,0xcc,
  0x85,0x7,0xdc,0x2,0x7,0x4a,0xe1,0x83,0x51,0xe0,0x3,0x2d,0xec,0x41,0x2d,0x7c,
  0x0,0x16,0x3c,0x78,0xa,0x1e,0xf8,0x82,0x1e,0x64,0x81,0x7,0x68,0xc1,0x83,0xb1,
  0xc0,0x41,0x5b,0xf8,0xa0,0x16,0xfc,0x80,0xa,0x3e,0x78,0xb,0x1d,0xe8,0x85,0xf,
  0xd8,0x82,0x7,0x67,0xe1,0x3,0xae,0x50,0xe3,0xc1,0xdf,0xa,0x41,0xf1,0x84,0xd7,
  0x0,0x8d,0x43,0x84,0xd,0xd8,0xc2,0xe,0x66,0xa1,0x3,0x6e,0x81,0x3,0xa2,0xf0,
  0xc1,0x28,0xf0,0xc0,0x16,0xf6,0xa0,0x16,0x3e,0x0,0xb,0x1e,0x2c,0x5,0xf,0x74,
  0x41,0xe,0xb2,0xc0,0x3,0xa4,0xe0,0xc1,0x58,0xe0,0xa0,0x2d,0x7c,0x50,0xb,0x7e,
  0x40,0x5,0x1f,0xbc,0x85,0xe,0xf4,0xc2,0x7,0x6c,0xc1,0x83,0xb3,0xf0,0x1,0x57,
  0xe0,0x41,0x59,0xf8,0x20,0x2c,0x78,0x60,0xb,0x3b,0x68,0x85,0x1f,0x80,0x82,0xf,
  0xc6,0x82,0x7,0xbe,0xa0,0x83,0x5a,0xc8,0x1,0x2b,0xf8,0xc0,0x14,0x78,0x50,0x17,
  0x3e,0xc8,0x5,0x1f,0xb0,0x82,0x7,0x5e,0xa1,0x7,0xba,0xf0,0x3,0x76,0xe1,0xc1,
  0x5c,0xf0,0xc0,0x2b,0x70,0xd0,0x14,0x7e,0x10,0xa,0x3e,0xd0,0x5,0x1d,0xd4,0xc2,
  0x7,0x48,0xc1,0x83,0xa7,0xe0,0x3,0x5d,0xe8,0x41,0x2e,0xe4,0x80,0x16,0x3c,0x70,
  0xa,0x1c,0x94,0x85,0x1f,0x64,0xc1,0xf,0x68,0xa1,0x7,0xb7,0xd0,0x1,0x5f,0xf8,
  0x80,0x5b,0xf8,0x60,0x16,0x7c,0xe0,0x16,0x38,0x20,0xb,0x1f,0xc,0x5,0xf,0xdc,
  0x42,0xf,0xaa,0xe0,0x7,0xb0,0xe0,0xc1,0x59,0xf0,0xc0,0x2e,0x74,0x50,0xb,0x78,
  0x40,0x5,0x1f,0x98,0x5,0xe,0xe6,0xc2,0x7,0x65,0xe1,0x3,0x56,0xe8,0x83,0x2b,
  0xf4,0x80,0x2f,0x7c,0x80,0x2e,0x3c,0x38,0xb,0x1e,0x78,0x85,0x3c,0x90,0xc2,0xf,
  0xc4,0x82,0x7,0x76,0xa1,0x83,0x56,0xf0,0x1,0x29,0xf8,0xc0,0x14,0x7c,0xa0,0x17,
  0x3a,0xa8,0xb,0x1c,0xb0,0x2,0xf,0x4e,0x81,0x7,0xb3,0xf0,0x83,0xb8,0xf0,0x1,
  0x2d,0xc8,0xd5,0x83,0x94,0x38,0x85,0xe4,0xa0,0xd7,0xb3,0x84,0xd,0xb8,0x85,0xe,
  0x66,0x41,0x7,0x6e,0x81,0x3,0xa2,0xf0,0xc1,0x51,0xf0,0xc0,0x2c,0xf4,0xa0,0x5f,
  0xb,0x62,0x7,0x2,0x3b,0xc4,0x47,0x37,0x7,0xf,0x1f,0x7,0x35,0x8f,0x54,0xf5,
  0x2b,0x90,0xc9,0xfa,0x3,0x19,0x20,0xbf,0x9a,0xbc,0x40,0xa1,0x8,0x80,0xbb,0x66,
  0x7a,0x95,0x59,0xbf,0xe5,0xea,0x77,0x8c,0xfd,0xb5,0x34,0xa3,0xb,0x21,0xdf,0xba,
  0x8e,0x1e,0x3,0x3f,0x79,0x5b,0xaf,0x97,0xdd,0x1d,0xe1,0x8d,0x79,0xb3,0x8c,0x61,
  0x2b,0x3,0xa1,0x3b,0x58,0xc2,0x9a,0x31,0x2a,0x1d,0x5c,0x3f,0xe8,0x94,0x99,0xa4,
  0x40,0x45,0x2,0x54,0xbe,0x14,0x1d,0x66,0x42,0x62,0x87,0x7d,0x40,0xb5,0xbe,0x37,
  0x9c,0x41,0xbf,0xec,0x2e,0xa4,0xd1,0xfa,0x13,0x2a,0xcc,0x93,0xd3,0x45,0x48,0xe4,
  0xf0,0x4c,0x45,0x9c,0xba,0x1e,0x50,0x44,0x84,0x31,0x43,0x23,0xa0,0x3c,0x1,0x82,
  0xf1,0x5,0xa4,0x8b,0x17,0x8e,0x7b,0xb7,0x27,0xf1,0x23,0x6f,0xf7,0xf5,0x12,0x75,
  0xca,0x4c,0xce,0x7,0x5a,0x5a,0xb9,0x42,0x28,0x5,0xe1,0x5a,0xa4,0x96,0x3b,0x60,
  0x2e,0x7b,0x0,0x20,0x9,0x81,0xbd,0xbd,0xcf,0xce,0xe8,0x90,0xf3,0xe5,0xc1,0x95,
  0x59,0x6b,0x1b,0x60,0xe9,0xb4,0x81,0x27,0x3e,0x22,0xef,0x2e,0x3e,0x7,0xab,0x67,
  0x66,0x5f,0x49,0x5d,0x48,0xb0,0xe4,0xb4,0x8a,0xe1,0x49,0x7f,0xdb,0x6c,0x5c,0x1f,
  0xfd,0xed,0x53,0x6,0xe6,0xf7,0xc5,0xfb,0xf6,0x8,0x23,0xe4,0x8,0x26,0x80,0x26,
  0x5d,0x55,0x38,
    // MagicianLink4_default.qml
  0x0,0x0,0x3,0x6,
  0x69,
  0x6d,0x70,0x6f,0x72,0x74,0x20,0x51,0x74,0x51,0x75,0x69,0x63,0x6b,0xa,0x69,0x6d,
  0x70,0x6f,0x72,0x74,0x20,0x51,0x74,0x51,0x75,0x69,0x63,0x6b,0x33,0x44,0xa,0xa,
  0x4e,0x6f,0x64,0x65,0x20,0x7b,0xa,0x20,0x20,0x20,0x20,0x69,0x64,0x3a,0x20,0x6e,
  0x6f,0x64,0x65,0xa,0xa,0x20,0x20,0x20,0x20,0x2f,0x2f,0x20,0x52,0x65,0x73,0x6f,
  0x75,0x72,0x63,0x65,0x73,0xa,0x20,0x20,0x20,0x20,0x50,0x72,0x69,0x6e,0x63,0x69,
  0x70,0x6c,0x65,0x64,0x4d,0x61,0x74,0x65,0x72,0x69,0x61,0x6c,0x20,0x7b,0xa,0x20,
  0x20,0x20,0x20,0x20,0x20,0x20,0x20,0x69,0x64,0x3a,0x20,0x62,0x6c,0x61,0x63,0x6b,
  0x5f,0x30,0x31,0x30,0x5f,0x6d,0x61,0x74,0x65,0x72,0x69,0x61,0x6c,0xa,0x20,0x20,
  0x20,0x20,0x20,0x20,0x20,0x20,0x6f,0x62,0x6a,0x65,0x63,0x74,0x4e,0x61,0x6d,0x65,
  0x3a,0x20,0x22,0x42,0x6c,0x61,0x63,0x6b,0x2e,0x30,0x31,0x30,0x22,0xa,0x20,0x20,
  0x20,0x20,0x20,0x20,0x20,0x20,0x62,0x61,0x73,0x65,0x43,0x6f,0x6c,0x6f,0x72,0x3a,
  0x20,0x22,0x23,0x66,0x66,0x32,0x65,0x32,0x65,0x32,0x65,0x22,0xa,0x20,0x20,0x20,
  0x20,0x20,0x20,0x20,0x20,0x69,0x6e,0x64,0x65,0x78,0x4f,0x66,0x52,0x65,0x66,0x72,
  0x61,0x63,0x74,0x69,0x6f,0x6e,0x3a,0x20,0x31,0xa,0x20,0x20,0x20,0x20,0x7d,0xa,
  0xa,0x20,0x20,0x20,0x20,0x2f,0x2f,0x20,0x4e,0x6f,0x64,0x65,0x73,0x3a,0xa,0x20,
  0x20,0x20,0x20,0x4e,0x6f,0x64,0x65,0x20,0x7b,0xa,0x20,0x20,0x20,0x20,0x20,0x20,
  0x20,0x20,0x69,0x64,0x3a,0x20,0x73,0x63,0x65,0x6e,0x65,0xa,0x20,0x20,0x20,0x20,
  0x20,0x20,0x20,0x20,0x6f,0x62,0x6a,0x65,0x63,0x74,0x4e,0x61,0x6d,0x65,0x3a,0x20,
  0x22,0x53,0x63,0x65,0x6e,0x65,0x22,0xa,0x20,0x20,0x20,0x20,0x20,0x20,0x20,0x20,
  0x72,0x6f,0x74,0x61,0x74,0x69,0x6f,0x6e,0x3a,0x20,0x51,0x74,0x2e,0x71,0x75,0x61,
  0x74,0x65,0x72,0x6e,0x69,0x6f,0x6e,0x28,0x30,0x2e,0x37,0x30,0x37,0x31,0x30,0x37,
  0x2c,0x20,0x2d,0x30,0x2e,0x37,0x30,0x37,0x31,0x30,0x37,0x2c,0x20,0x30,0x2c,0x20,
  0x30,0x29,0xa,0x20,0x20,0x20,0x20,0x20,0x20,0x20,0x20,0x4d,0x6f,0x64,0x65,0x6c,
  0x20,0x7b,0xa,0x20,0x20,0x20,0x20,0x20,0x20,0x20,0x20,0x20,0x20,0x20,0x20,0x69,
  0x64,0x3a,0x20,0x6e,0x6f,0x64,0x65,0x39,0x33,0x5f,0x5f,0x5f,0x5f,0x5f,0x5f,0x5f,
  0x32,0x33,0x30,0x5f,0x41,0x5f,0x31,0x5f,0x50,0x52,0x54,0xa,0x20,0x20,0x20,0x20,
  0x20,0x20,0x20,0x20,0x20,0x20,0x20,0x20,0x6f,0x62,0x6a,0x65,0x63,0x74,0x4e,0x61,
  0x6d,0x65,0x3a,0x20,0x22,0x39,0x33,0x2e,0x20,0x5f,0x5f,0x5f,0x5f,0x5f,0x32,0x33,
  0x30,0x5f,0x41,0x5f,0x31,0x2e,0x50,0x52,0x54,0x22,0xa,0x20,0x20,0x20,0x20,0x20,
  0x20,0x20,0x20,0x20,0x20,0x20,0x20,0x70,0x6f,0x73,0x69,0x74,0x69,0x6f,0x6e,0x3a,
  0x20,0x51,0x74,0x2e,0x76,0x65,0x63,0x74,0x6f,0x72,0x33,0x64,0x28,0x30,0x2e,0x32,
  0x30,0x37,0x39,0x39,0x36,0x2c,0x20,0x2d,0x30,0x2e,0x30,0x30,0x30,0x31,0x38,0x38,
  0x39,0x38,0x2c,0x20,0x30,0x2e,0x30,0x34,0x35,0x39,0x31,0x30,0x38,0x29,0xa,0x20,
  0x20,0x20,0x20,0x20,0x20,0x20,0x20,0x20,0x20,0x20,0x20,0x73,0x63,0x61,0x6c,0x65,
  0x3a,0x20,0x51,0x74,0x2e,0x76,0x65,0x63,0x74,0x6f,0x72,0x33,0x64,0x28,0x30,0x2e,
  0x30,0x30,0x30,0x38,0x32,0x34,0x37,0x36,0x38,0x2c,0x20,0x30,0x2e,0x30,0x30,0x30,
  0x38,0x32,0x34,0x37,0x36,0x38,0x2c,0x20,0x30,0x2e,0x30,0x30,0x30,0x38,0x32,0x34,
  0x37,0x36,0x38,0x29,0xa,0x20,0x20,0x20,0x20,0x20,0x20,0x20,0x20,0x20,0x20,0x20,
  0x20,0x73,0x6f,0x75,0x72,0x63,0x65,0x3a,0x20,0x22,0x6d,0x65,0x73,0x68,0x65,0x73,
  0x2f,0x6e,0x6f,0x64,0x65,0x39,0x33,0x5f,0x5f,0x5f,0x5f,0x5f,0x5f,0x5f,0x32,0x33,
  0x30,0x5f,0x41,0x5f,0x31,0x5f,0x50,0x52,0x54,0x5f,0x6d,0x65,0x73,0x68,0x2e,0x6d,
  0x65,0x73,0x68,0x22,0xa,0x20,0x20,0x20,0x20,0x20,0x20,0x20,0x20,0x20,0x20,0x20,
  0x20,0x6d,0x61,0x74,0x65,0x72,0x69,0x61,0x6c,0x73,0x3a,0x20,0x5b,0xa,0x20,0x20,
  0x20,0x20,0x20,0x20,0x20,0x20,0x20,0x20,0x20,0x20,0x20,0x20,0x20,0x20,0x62,0x6c,
  0x61,0x63,0x6b,0x5f,0x30,0x31,0x30,0x5f,0x6d,0x61,0x74,0x65,0x72,0x69,0x61,0x6c,
  0xa,0x20,0x20,0x20,0x20,0x20,0x20,0x20,0x20,0x20,0x20,0x20,0x20,0x5d,0xa,0x20,
  0x20,0x20,0x20,0x20,0x20,0x20,0x20,0x7d,0xa,0x20,0x20,0x20,0x20,0x7d,0xa,0xa,
  0x20,0x20,0x20,0x20,0x2f,0x2f,0x20,0x41,0x6e,0x69,0x6d,0x61,0x74,0x69,0x6f,0x6e,
  0x73,0x3a,0xa,0x7d,0xa,
    // MagicianLink1.qml
  0x0,0x0,0x4,0xf2,
  0x28,
  0xb5,0x2f,0xfd,0x60,0xb,0xef,0x45,0x27,0x0,0x26,0x33,0x84,0x24,0x10,0x73,0xd3,
  0x6,0xd2,0xcf,0x60,0x0,0x1b,0x8e,0x83,0x1b,0xd5,0x31,0xc0,0x58,0xa8,0x7a,0x28,
  0x3c,0xee,0x28,0x25,0x11,0xa1,0x2d,0x2d,0xdb,0xc7,0xc2,0x17,0x0,0x0,0xa2,0xaa,
  0x6e,0x9d,0x0,0x77,0x0,0x72,0x0,0xa7,0x70,0x18,0x29,0x23,0x59,0xee,0x14,0x6,
  0xf0,0x22,0x78,0xce,0x45,0x18,0x9e,0x21,0x7b,0x50,0xe0,0xc2,0xb1,0xf1,0x64,0x1c,
  0x8e,0x92,0x91,0x30,0x7,0xd1,0x2e,0xd,0x9a,0xee,0x24,0x13,0xf4,0x88,0xb7,0x4c,
  0x74,0xe1,0x71,0x4a,0x85,0xdc,0xdd,0x35,0x3f,0xc9,0x45,0x8a,0x32,0x10,0x5,0x63,
  0xd1,0x1e,0x2c,0x18,0x3e,0x5a,0xc5,0x25,0xba,0x96,0x16,0x16,0x1,0x18,0xa9,0x22,
  0x1d,0xb4,0x89,0x42,0x1,0xf0,0x18,0x0,0x9c,0xa4,0x59,0x28,0xb,0x19,0xa8,0x61,
  0x50,0x48,0x96,0x89,0x22,0x4e,0x32,0x20,0x4a,0x85,0xe2,0xae,0x42,0x89,0x30,0x2d,
  0x43,0x51,0xa8,0x68,0x15,0x8d,0x8,0xba,0x44,0x98,0x86,0xbb,0xbb,0x66,0x6a,0x10,
  0x86,0x43,0x9a,0xda,0xc3,0x11,0x10,0x5c,0x73,0x39,0x49,0x45,0x74,0x77,0xd7,0x80,
  0x5c,0xab,0x90,0x16,0x9a,0x6,0x41,0x9b,0xc,0x28,0xe2,0x70,0xc8,0x38,0x5c,0x6,
  0x23,0x69,0x58,0xa2,0x99,0x99,0x99,0x99,0x99,0x99,0xf9,0xff,0xff,0xff,0xff,0xff,
  0xff,0xff,0xff,0xf3,0x3f,0x1e,0x8f,0xef,0x6e,0x66,0x66,0x8c,0xad,0xb5,0x76,0x57,
  0x29,0xa5,0xaa,0x99,0x47,0x7c,0x72,0x72,0x11,0xc6,0xdd,0xdd,0x88,0xb7,0x7a,0xed,
  0x3e,0xe9,0xf4,0xb2,0x73,0x6f,0x4e,0x7e,0xda,0xb9,0xc8,0x19,0x7b,0x57,0xc2,0x33,
  0x2e,0x51,0x25,0x64,0xe2,0x1a,0x89,0x93,0x4c,0xcf,0x24,0x11,0x27,0xad,0x2,0x61,
  0x22,0x88,0x60,0x6a,0x17,0x53,0xb3,0x5c,0xe4,0xc7,0x7,0x5b,0x85,0x2,0x4d,0x77,
  0x77,0x4f,0x6e,0x76,0x44,0xd4,0x63,0xab,0xc4,0x7,0x2f,0xb2,0xe8,0xb4,0x85,0xfa,
  0x67,0x1d,0x81,0xa,0xc5,0x48,0x1d,0xd1,0x24,0x69,0x4,0xdd,0xdd,0xdd,0xdd,0xdd,
  0xcc,0xcc,0xcc,0xcc,0xcc,0xcc,0xcc,0xcc,0xcc,0xcc,0xcc,0xcc,0xcc,0xcc,0xcc,0xcc,
  0x18,0x63,0xcc,0x18,0x63,0x8c,0x31,0xc6,0x96,0x31,0xc6,0x18,0x63,0x8c,0x31,0xc6,
  0x18,0x5b,0xbd,0xd6,0x5a,0x6b,0xad,0xb5,0xd6,0x5a,0x6b,0xad,0xb5,0xd6,0x5a,0x6b,
  0xad,0xb5,0xd6,0xee,0xee,0xee,0xee,0xee,0xee,0xee,0xee,0xee,0xee,0xee,0xee,0xee,
  0xee,0xae,0x52,0x4a,0x29,0xa5,0x94,0x52,0x4a,0x29,0xa5,0x94,0x52,0x4a,0x29,0xa5,
  0x94,0x52,0x4a,0x29,0xa5,0xaa,0xaa,0xaa,0xaa,0xaa,0xaa,0xaa,0xaa,0xaa,0xaa,0xaa,
  0xaa,0xaa,0xaa,0x9a,0x99,0x99,0x99,0x99,0x99,0x99,0x99,0x99,0x1,0x4d,0x48,0x23,
  0x99,0x2c,0xd1,0xa5,0xe0,0xb4,0x19,0x9d,0x96,0x8a,0x51,0x9f,0x3b,0x17,0x51,0xbb,
  0xd4,0x62,0xdc,0xcd,0xd5,0x8d,0x4e,0x53,0xa8,0xaa,0x9f,0x3b,0xab,0xb8,0xb2,0xf1,
  0x22,0xa8,0x30,0xf9,0xff,0xff,0xff,0xff,0xff,0xff,0xff,0xff,0xff,0xff,0xff,0xff,
  0xff,0xff,0xff,0xff,0xff,0xff,0xff,0xff,0xff,0xff,0xff,0xff,0xff,0xff,0xff,0xff,
  0xff,0xff,0xff,0xff,0xff,0xff,0xff,0xff,0xff,0xff,0xff,0x7f,0xfc,0xf1,0x78,0x3c,
  0x1e,0xdf,0xdd,0xdd,0xdd,0xdd,0xdd,0xdd,0xdd,0xdd,0xdd,0x1d,0x81,0xf5,0xa8,0x51,
  0xb4,0x23,0x22,0x22,0x41,0x92,0x82,0x24,0x19,0xc6,0x11,0x8b,0x88,0x8c,0x36,0x49,
  0x6b,0x32,0x38,0x8,0x82,0x20,0x14,0x41,0x42,0xc0,0x20,0x4,0x27,0x8,0x1,0x82,
  0x20,0x4,0x8,0x82,0x20,0x4,0xc,0x21,0x41,0x10,0x2,0x4,0x41,0x10,0x21,0x81,
  0xfd,0x15,0x13,0x66,0xe3,0xed,0x1,0x9d,0x90,0xaf,0x98,0x7a,0x5d,0xb1,0xa2,0x4e,
  0xfd,0xd7,0x14,0x23,0x26,0x98,0xfe,0x3,0x46,0xa7,0xeb,0xed,0xa6,0xe1,0x99,0x92,
  0xe8,0xca,0x4d,0xf2,0x9a,0x7c,0x33,0xc1,0x28,0x2c,0xc1,0x58,0x70,0x82,0x5a,0x78,
  0x2,0x5c,0x30,0xe1,0x53,0x78,0x2,0x5a,0x60,0x82,0xbc,0x90,0x4,0xba,0xa0,0x84,
  0x52,0xc0,0x84,0x6e,0xa1,0x9,0x79,0xa1,0x4,0x7b,0xe1,0x84,0x5e,0xe1,0x9,0x68,
  0xe1,0x4,0xf5,0x42,0x12,0x68,0x41,0x13,0x62,0x1,0x13,0xba,0x85,0x12,0xea,0x42,
  0x13,0xec,0x85,0x13,0xba,0x85,0x13,0xb0,0x85,0x13,0xd4,0x85,0x4c,0xc0,0x5,0x4d,
  0x88,0x5,0x24,0xf4,0xa,0x4d,0xa8,0xb,0x4d,0xd0,0x17,0x26,0xf4,0x16,0x4e,0xc0,
  0xa,0x4f,0x90,0x17,0x32,0x1,0x17,0x94,0x50,0xa,0x98,0xd0,0x2b,0x34,0x21,0x2f,
  0x94,0xf0,0x19,0xf4,0x4c,0x0,0x9d,0x50,0x8d,0xd2,0x95,0x17,0x42,0x1a,0xa1,0xd2,
  0xa5,0x9,0x21,0x18,0xb,0x4b,0x80,0xa,0x4c,0x90,0x17,0x92,0x40,0xb,0x9a,0x50,
  0xa,0x98,0xd0,0x2d,0x94,0x50,0x2f,0x94,0x60,0x2f,0x9c,0xd0,0x2d,0x3c,0x1,0x2d,
  0x9c,0xa0,0x2e,0x8c,0x4c,0xe8,0x9,0x44,0xd6,0xc2,0x4,0xe3,0xc2,0x13,0x60,0x21,
  0x13,0xf2,0x42,0x26,0xc0,0x85,0x12,0x8a,0x2,0x13,0x6a,0x85,0x26,0xec,0x85,0x12,
  0xf8,0xb,0x13,0x78,0x85,0xf1,0x9,0x5,0xf,0x7c,0x5a,0x98,0x60,0x5c,0x78,0x2,
  0x2c,0xc4,0x4c,0x58,0xee,0xe6,0x7d,0x61,0x9,0x79,0x61,0x9,0x7a,0xc1,0x9,0xde,
  0xc2,0x13,0xd0,0x42,0x72,0x2,0xe1,0x37,0xef,0xa,0x93,0xd0,0xa,0x4b,0xd0,0x17,
  0x4c,0xf0,0x15,0x9e,0x80,0x16,0x9e,0x10,0x2f,0x90,0x90,0x16,0x9a,0xa0,0x14,0x98,
  0xa0,0x2d,0x2c,0xa1,0x2f,0x28,0xc1,0x2f,0x38,0xc1,0x5b,0x78,0x2,0x5a,0x38,0xa1,
  0x5c,0x60,0x42,0x5a,0x68,0x82,0x58,0x20,0x41,0xb7,0xb0,0x84,0x5e,0xd0,0x4,0xbf,
  0xe0,0x4,0x6f,0xe1,0x4,0xaa,0xf0,0x84,0x72,0x81,0x9,0x71,0xa1,0x4,0x65,0x81,
  0x4,0x5d,0x61,0x13,0x7a,0x41,0x13,0xfc,0x82,0x9,0xbe,0xc2,0x13,0xa8,0xc2,0x13,
  0xe2,0x5,0x12,0xd2,0x85,0x12,0x94,0x2,0x13,0xb4,0x85,0x4d,0xe8,0x5,0x25,0xf8,
  0x5,0x27,0xf8,0xa,0x4f,0x40,0xb,0x27,0x94,0x17,0x48,0x48,0xb,0x4d,0x10,0xb,
  0x4c,0xd0,0x16,0x96,0xd0,0xb,0x9a,0xe0,0x17,0x9c,0xe0,0x2d,0x9c,0x40,0x2d,0x9c,
  0x50,0x2e,0x30,0x21,0x2e,0x34,0x41,0x2c,0x90,0xa0,0x2b,0x6c,0x42,0x2f,0x68,0x82,
  0x5f,0x30,0xc1,0xb7,0x70,0x2,0x55,0x78,0x42,0xbc,0xc0,0x84,0xb8,0x50,0x82,0x52,
  0x60,0x82,0x8e,0x10,0xc6,0x2a,0xa1,0x27,0xe4,0x42,0x22,0x81,0xa1,0xaf,0x9,0x83,
  0x90,0xb,0x93,0xe0,0x15,0x9e,0xa0,0x2d,0x9c,0x40,0x15,0x9e,0x50,0x2e,0x30,0x21,
  0x2e,0x94,0xa0,0x2c,0x90,0xa0,0x2b,0x8c,0x5e,0x5,0x5e,0x5f,0x1,0x5c,0x9f,0xc2,
  0x61,0xc2,0xdb,0xf,0xe,0xa0,0x56,0x60,0xda,0xc9,0x28,0x8b,0xb9,0x36,0xd9,0x29,
  0x18,0x40,0x14,0x49,0xd0,0xd9,0x4e,0x67,0x44,0xc4,0x44,0xbe,0xa7,0x9c,0x4f,0x71,
  0xe6,0x20,0xe6,0x5c,0x97,0x2e,0x27,0x66,0x1c,0xd3,0x38,0x20,0x7c,0x40,0x87,0x48,
  0x9c,0x4e,0x90,0x60,0x4d,0xb,0x2f,0xdd,0x2c,0xf6,0x41,0xbc,0x48,0x51,0xbc,0xfb,
  0x81,0x59,0x3e,0x15,0x9f,0xb2,0x28,0xb,0xb4,0xe9,0x3,0x97,0x4f,0x1,0x32,0x30,
  0x6f,0xe8,0x7,0x17,0x8a,0xc,0x14,0xcd,0x20,0xd2,0x15,0xe7,0x94,0x8e,0x71,0x1c,
  0x34,0x88,0x6a,0xc5,0x48,0x17,0xfc,0x83,0x90,0x23,0xce,0x0,0xd0,0xbd,0xb,0xff,
  0xbe,0x4b,0xd0,0xf8,0x53,0x45,0x36,0x15,0x12,0x81,0x61,0xa2,0xc5,0xa8,0x94,0xb0,
  0xb9,0x92,0xf2,0x58,0x1c,0x22,0xe8,0x9,0x4f,0x6f,0xed,0xc1,0x60,0xfa,0x3f,0xff,
  0x8e,0x2b,0xac,0xdb,0x26,0x46,0x8d,0x63,0x2e,0x9f,0xd4,0x1,0x50,0x64,0xe1,0x89,
  0xf6,0x1d,0x46,0x9,0x62,0xb5,0x9b,0x66,0x8,0x8e,0xca,0x80,0x78,0x9d,0x32,0x82,
  0x77,0x3,0xc2,0x7d,0x3e,0xf7,0x31,0xdc,0xfc,0x1a,0xa6,0x80,0x5,0x7e,0x19,0x44,
  0x7e,
    // MagicianBase.qml
  0x0,0x0,0x4,0x8b,
  0x28,
  0xb5,0x2f,0xfd,0x60,0x43,0x1d,0xd,0x24,0x0,0x26,0x6d,0x81,0x24,0x0,0x75,0xdb,
  0x6a,0x45,0x99,0x1b,0x6f,0xb6,0xd9,0x50,0xbf,0x66,0x9b,0xf7,0x77,0x44,0xc4,0x21,
  0x3,0x73,0x67,0x2b,0xbb,0x2b,0x22,0xa,0xeb,0x31,0xd4,0x95,0xf4,0x7f,0xd4,0x1f,
  0x56,0x86,0x0,0x73,0x0,0x71,0x0,0x51,0x8a,0xf,0xd5,0x50,0xdd,0x1a,0x9d,0xef,
  0x6e,0x16,0xc8,0xf2,0x16,0xd7,0xdd,0x6c,0x81,0x45,0x9c,0x99,0xc1,0xbe,0xed,0xeb,
  0x77,0xcf,0xb5,0x39,0x8b,0x7c,0xc0,0xf1,0x38,0x91,0xa5,0x64,0x57,0x23,0x4d,0xb2,
  0x7a,0x9c,0x79,0x89,0x13,0x17,0x88,0x90,0x8,0x49,0xf2,0xb9,0x5c,0x2,0xe6,0x14,
  0x4d,0x8,0x91,0x72,0x2c,0x0,0xcc,0x2,0x60,0x35,0x11,0xe3,0x3c,0x54,0x4f,0xdc,
  0xb0,0x4c,0x98,0xca,0xaa,0x56,0x62,0x25,0x35,0x40,0x22,0x47,0xce,0x58,0x39,0xe,
  0x50,0x8c,0x32,0xf2,0x91,0xe4,0x8c,0xa0,0xe2,0x33,0x3d,0x26,0x2a,0x4e,0xac,0x82,
  0x82,0x89,0xb4,0x1a,0x48,0xae,0xb5,0xd6,0x84,0x64,0x45,0x68,0x7a,0x98,0x4c,0x12,
  0x7a,0xc2,0xf1,0x48,0xf,0x89,0x4a,0x62,0x55,0x73,0xca,0x60,0x64,0xae,0xba,0xfc,
  0xfa,0x77,0x57,0x59,0x9f,0x7e,0x6f,0x2b,0x3b,0x5e,0xe8,0x5c,0xeb,0xa7,0xde,0x1c,
  0xb7,0x45,0xf9,0x77,0xd7,0xff,0x5d,0xe8,0xda,0x50,0xf9,0x1f,0x8b,0x88,0x92,0x13,
  0x65,0x78,0x51,0xda,0x43,0x6f,0xb8,0xcb,0xfd,0x9e,0x9f,0xf6,0xf3,0xa2,0xb8,0x6d,
  0xed,0x2e,0xc1,0x58,0x93,0x8b,0xd5,0x50,0xac,0xe2,0x5b,0x40,0x45,0xd,0x2a,0x62,
  0x16,0xc5,0x59,0x63,0xe4,0x3c,0x94,0xeb,0x6,0xf5,0x59,0xbf,0xf5,0xf7,0xb2,0x53,
  0xa8,0xe7,0xf4,0x21,0xa9,0x29,0x83,0x10,0xa3,0x67,0xca,0xc7,0x61,0x40,0x9,0x16,
  0xe5,0xe9,0x3e,0x7d,0x4c,0x5,0x24,0x8f,0xe,0x56,0x49,0x38,0xd5,0x34,0x29,0x2,
  0x51,0x56,0x5c,0x20,0xa0,0x28,0xca,0xcb,0x2a,0xf0,0xba,0x5d,0x85,0xbe,0x4c,0x57,
  0x33,0x9d,0xf8,0x90,0x91,0xd1,0xc3,0xef,0x5d,0xb7,0xeb,0x7b,0xed,0xc6,0xfa,0x5d,
  0x7f,0xfb,0x1b,0x64,0xfe,0x1a,0x43,0xe6,0xe0,0x7f,0x6b,0xf6,0x2a,0xce,0x44,0x88,
  0x1f,0x32,0x43,0xcd,0xe8,0xd,0xb7,0xb9,0x31,0x84,0xf0,0x75,0x97,0x6d,0x84,0x1c,
  0x85,0x67,0x42,0xaa,0xba,0xab,0xa1,0xa8,0x28,0x4d,0xcb,0xef,0x5b,0x7e,0xc,0xdd,
  0xb2,0x77,0xa8,0xaf,0x7d,0x2b,0x64,0x6d,0x51,0x9a,0xb7,0x75,0x5e,0x89,0x2a,0x8d,
  0xc,0xd9,0x50,0x49,0x72,0x8a,0x60,0x85,0xda,0xda,0xdb,0xf5,0x5e,0xf5,0x7d,0xfc,
  0x60,0x93,0x92,0x49,0x43,0x61,0xa4,0x64,0x50,0xc2,0xed,0xb4,0xd9,0x73,0x7e,0x6d,
  0x4c,0x9d,0x21,0xbb,0x77,0x7b,0xfc,0x58,0x73,0xb7,0x33,0x37,0x65,0xe6,0xfd,0xa0,
  0x63,0xff,0x16,0xa5,0xa1,0xb2,0x76,0x56,0xe2,0xbf,0xca,0x8e,0x39,0x86,0xbf,0xdd,
  0xd8,0x1d,0x73,0xa7,0xce,0x95,0xad,0x7b,0xa7,0xcb,0x1a,0x92,0x54,0xe5,0xb7,0xd2,
  0x2a,0xf,0xd5,0x39,0xe8,0x5a,0x63,0x4c,0xd0,0xd,0xb6,0x67,0xc8,0xbf,0x28,0x4d,
  0x9,0x22,0x6c,0xc8,0xca,0x60,0xa4,0x9c,0x3,0xe,0x49,0x46,0xd1,0x34,0x22,0xe7,
  0xc4,0xc0,0xa4,0x28,0x27,0x84,0xbb,0x6d,0x7f,0xed,0x3d,0xd8,0x18,0xec,0xd5,0x80,
  0x4,0x81,0x1a,0xa8,0x41,0x45,0x43,0x4c,0xd5,0x48,0x92,0x24,0xe9,0xe1,0x8,0x62,
  0x8,0x2a,0xa7,0x55,0x1d,0x2,0xa1,0x18,0x47,0x61,0x10,0x48,0x90,0x50,0xc,0x42,
  0x8,0x51,0x2,0x22,0x20,0xc4,0x10,0x1,0x21,0x8a,0x8,0x88,0x52,0xcc,0x94,0xc,
  0x69,0x3b,0x27,0x8e,0xd1,0x81,0x26,0x5b,0xf3,0x4c,0x41,0x4f,0x90,0x33,0x1d,0x78,
  0x4b,0xe5,0x10,0x87,0x2a,0xad,0x13,0x4f,0x99,0x56,0xaf,0x87,0x2a,0xad,0x53,0xdf,
  0x7a,0xf5,0xf,0xb5,0x14,0x74,0xdc,0xc0,0xa0,0x92,0x29,0x80,0xd7,0x7d,0xd8,0xc7,
  0x6b,0x4b,0x29,0xce,0x34,0xa3,0x69,0xf0,0x3d,0x63,0x13,0x9c,0xa7,0x85,0x59,0x41,
  0x0,0xac,0x16,0x2,0x45,0x8c,0xec,0xd8,0x47,0x57,0x96,0xfe,0xde,0x2,0xb0,0x1a,
  0x8,0x44,0xaa,0x2d,0x10,0xb9,0x46,0xf5,0x51,0x80,0x99,0xdf,0x5d,0xce,0x79,0xb3,
  0xf8,0xc4,0xdd,0xf2,0xae,0x61,0x7c,0xbc,0x5a,0xec,0xe8,0xec,0x25,0x2a,0x37,0x79,
  0xda,0x54,0xd8,0x8c,0x49,0xf3,0xf5,0x62,0xcd,0x1f,0x19,0x51,0x32,0x4d,0x12,0xb,
  0x8,0x57,0xb,0x8e,0x2a,0x54,0x9f,0x94,0xea,0xf8,0xc0,0xc6,0xca,0x2a,0x2e,0x54,
  0x80,0x31,0x9a,0x20,0x7f,0xa2,0xb1,0x47,0x49,0x5e,0x6a,0x39,0x5c,0x6c,0x3e,0x9d,
  0xbc,0x0,0xe9,0x86,0xa6,0xe1,0x9d,0xf3,0x45,0xce,0xc1,0x2c,0x0,0x68,0xd1,0x82,
  0x79,0xe3,0xb5,0x9,0x49,0x1,0xe2,0xac,0xac,0x95,0x3b,0x93,0x9d,0x29,0xfc,0x98,
  0x8,0x73,0x62,0xae,0x6d,0x77,0x33,0x73,0x2c,0xf5,0x83,0xcb,0x62,0x60,0xc8,0x96,
  0xdc,0xc,0xf3,0x17,0x31,0xe5,0x87,0xf6,0x44,0x9c,0xe5,0xfb,0x41,0xd0,0x95,0x2a,
  0xc3,0x22,0x5,0x20,0xf4,0x63,0x53,0xcb,0x2f,0x54,0x2e,0x1,0x4c,0x2b,0x11,0xec,
  0x49,0x17,0x6a,0xc9,0xf3,0xc7,0x7c,0x53,0xf2,0x9,0x80,0xe3,0x9b,0xf4,0xe2,0xe6,
  0x77,0x0,0x60,0x64,0xb4,0x91,0x78,0x17,0xeb,0x6c,0x68,0x7e,0xe5,0x20,0xb6,0x1,
  0x6f,0x25,0x18,0x61,0x3f,0xec,0x6b,0x2c,0x3a,0x6b,0x3f,0x4e,0x20,0x7b,0x85,0xbe,
  0xf,0x40,0x49,0x6d,0x5f,0xd2,0x98,0xff,0x2a,0xc5,0x6f,0xed,0xe0,0x7,0x91,0x58,
  0x43,0x51,0x65,0x28,0xde,0xe5,0x44,0x1e,0x46,0x5b,0x1e,0x1e,0x3b,0x52,0xe6,0x5a,
  0x9d,0xf,0xd,0xa1,0xae,0x35,0x53,0x24,0x37,0x67,0xdb,0x40,0x40,0xbf,0xf8,0x9a,
  0xf3,0xb9,0x19,0x9,0x82,0x12,0xe9,0x3e,0x1b,0xc2,0x65,0x19,0xe2,0xae,0x4b,0x90,
  0xc5,0x0,0x92,0x2a,0x58,0x99,0x7c,0xbc,0x8f,0xad,0x3f,0x85,0xf8,0x55,0x8e,0xa,
  0x54,0x33,0xa6,0x4a,0x99,0xe4,0x84,0xdf,0x53,0xce,0x6e,0xe4,0x38,0xd9,0x5c,0x2d,
  0xc6,0x3d,0x6b,0x99,0x92,0x72,0x13,0x5c,0xa0,0x33,0xa8,0xa8,0xa4,0xeb,0xef,0x38,
  0x2b,0x8f,0x1f,0xe7,0xe9,0xa6,0x96,0xdd,0x42,0xe3,0x2b,0xe2,0x19,0xa8,0x75,0x38,
  0xa6,0x36,0x30,0x3a,0xe8,0x1,0x56,0x8b,0x18,0xb9,0x90,0xae,0x72,0xe2,0xc3,0xff,
  0x28,0x6,0xf5,0x7f,0x9e,0xe5,0x92,0x58,0x88,0x54,0x2f,0xd8,0xea,0xdb,0x6c,0x95,
  0x29,0x88,0xe0,0xa4,0x2f,0x49,0x3,0x94,0x3a,0x72,0xfc,0x79,0x9e,0xc0,0x51,0x47,
  0xdf,0x49,0x4d,0x80,0x7,0x17,0xb0,0x3b,0x26,0x3d,0xd5,0x56,0x67,0x73,0x16,0xf1,
  0xa,0xbb,0x6f,0x2f,0xf1,0x2f,0xf5,0x3e,0xbb,0x84,0x1d,0xb5,0x4a,0x8e,0x2e,0xd0,
  0x4,0x14,0xde,0xff,0xed,0x31,0x72,0x3,0xf1,0x7e,0x6c,0x17,0x4d,0x5e,0x11,0x5c,
  0x30,0xb6,0x47,0x7b,0x85,0x46,0xae,0xbc,0x99,0xb5,0xa8,0xb2,0xd2,0x70,0xe4,0x39,
  0x90,0x9f,0x5c,0xc3,0x8b,0xca,0xaa,0xae,0xc0,0xa6,0xd7,0xa6,0x1,0xa1,0x59,0x24,
  0x90,0x82,0x54,0x70,0x9c,0xa4,0xcb,0x8c,0x7b,0x87,0x46,0x1,0xe4,0x98,0x13,0x5,
  0xc7,0xbf,0x8e,0xf6,0x30,0x59,0xa,0x12,0x16,0x16,0x19,0xe0,0x67,0x58,0xb6,0x2b,
  0x95,0xa4,0x3c,0xe0,0xc2,0x6e,0x25,0x13,0x99,0xa,
  
};

static const unsigned char qt_resource_name[] = {
  // content
  0x0,0x7,
  0xa,0x65,0xac,0x94,
  0x0,0x63,
  0x0,0x6f,0x0,0x6e,0x0,0x74,0x0,0x65,0x0,0x6e,0x0,0x74,
    // DobotArm.ui.qml
  0x0,0xf,
  0x7,0x6c,0x6c,0xdc,
  0x0,0x44,
  0x0,0x6f,0x0,0x62,0x0,0x6f,0x0,0x74,0x0,0x41,0x0,0x72,0x0,0x6d,0x0,0x2e,0x0,0x75,0x0,0x69,0x0,0x2e,0x0,0x71,0x0,0x6d,0x0,0x6c,
    // App.qml
  0x0,0x7,
  0x8,0x73,0x58,0xbc,
  0x0,0x41,
  0x0,0x70,0x0,0x70,0x0,0x2e,0x0,0x71,0x0,0x6d,0x0,0x6c,
    // MainScreen.ui.qml
  0x0,0x11,
  0x7,0xa7,0x30,0xfc,
  0x0,0x4d,
  0x0,0x61,0x0,0x69,0x0,0x6e,0x0,0x53,0x0,0x63,0x0,0x72,0x0,0x65,0x0,0x65,0x0,0x6e,0x0,0x2e,0x0,0x75,0x0,0x69,0x0,0x2e,0x0,0x71,0x0,0x6d,0x0,0x6c,
  
    // Toggle.ui.qml
  0x0,0xd,
  0x3,0x3,0x95,0xdc,
  0x0,0x54,
  0x0,0x6f,0x0,0x67,0x0,0x67,0x0,0x6c,0x0,0x65,0x0,0x2e,0x0,0x75,0x0,0x69,0x0,0x2e,0x0,0x71,0x0,0x6d,0x0,0x6c,
    // RoboticArm.ui.qml
  0x0,0x11,
  0x1,0x32,0x24,0x9c,
  0x0,0x52,
  0x0,0x6f,0x0,0x62,0x0,0x6f,0x0,0x74,0x0,0x69,0x0,0x63,0x0,0x41,0x0,0x72,0x0,0x6d,0x0,0x2e,0x0,0x75,0x0,0x69,0x0,0x2e,0x0,0x71,0x0,0x6d,0x0,0x6c,
  
    // NodeIndicator.qml
  0x0,0x11,
  0xa,0xa5,0xd1,0xbc,
  0x0,0x4e,
  0x0,0x6f,0x0,0x64,0x0,0x65,0x0,0x49,0x0,0x6e,0x0,0x64,0x0,0x69,0x0,0x63,0x0,0x61,0x0,0x74,0x0,0x6f,0x0,0x72,0x0,0x2e,0x0,0x71,0x0,0x6d,0x0,0x6c,
  
    // LabeledSlider.ui.qml
  0x0,0x14,
  0x7,0xd7,0x8b,0xfc,
  0x0,0x4c,
  0x0,0x61,0x0,0x62,0x0,0x65,0x0,0x6c,0x0,0x65,0x0,0x64,0x0,0x53,0x0,0x6c,0x0,0x69,0x0,0x64,0x0,0x65,0x0,0x72,0x0,0x2e,0x0,0x75,0x0,0x69,0x0,0x2e,
  0x0,0x71,0x0,0x6d,0x0,0x6c,
    // meshes
  0x0,0x6,
  0x7,0x3c,0x9e,0xc3,
  0x0,0x6d,
  0x0,0x65,0x0,0x73,0x0,0x68,0x0,0x65,0x0,0x73,
    // magicianBase
  0x0,0xc,
  0x1,0x2d,0x37,0xb5,
  0x0,0x6d,
  0x0,0x61,0x0,0x67,0x0,0x69,0x0,0x63,0x0,0x69,0x0,0x61,0x0,0x6e,0x0,0x42,0x0,0x61,0x0,0x73,0x0,0x65,
    // magicianLink1
  0x0,0xd,
  0x2,0xc9,0x36,0xc1,
  0x0,0x6d,
  0x0,0x61,0x0,0x67,0x0,0x69,0x0,0x63,0x0,0x69,0x0,0x61,0x0,0x6e,0x0,0x4c,0x0,0x69,0x0,0x6e,0x0,0x6b,0x0,0x31,
    // magicianLink4_default
  0x0,0x15,
  0x8,0xd1,0x17,0xb4,
  0x0,0x6d,
  0x0,0x61,0x0,0x67,0x0,0x69,0x0,0x63,0x0,0x69,0x0,0x61,0x0,0x6e,0x0,0x4c,0x0,0x69,0x0,0x6e,0x0,0x6b,0x0,0x34,0x0,0x5f,0x0,0x64,0x0,0x65,0x0,0x66,
  0x0,0x61,0x0,0x75,0x0,0x6c,0x0,0x74,
    // magicianLink2
  0x0,0xd,
  0x2,0xc9,0x36,0xc2,
  0x0,0x6d,
  0x0,0x61,0x0,0x67,0x0,0x69,0x0,0x63,0x0,0x69,0x0,0x61,0x0,0x6e,0x0,0x4c,0x0,0x69,0x0,0x6e,0x0,0x6b,0x0,0x32,
    // magicianLink4
  0x0,0xd,
  0x2,0xc9,0x36,0xc4,
  0x0,0x6d,
  0x0,0x61,0x0,0x67,0x0,0x69,0x0,0x63,0x0,0x69,0x0,0x61,0x0,0x6e,0x0,0x4c,0x0,0x69,0x0,0x6e,0x0,0x6b,0x0,0x34,
    // magicianSuctionCup
  0x0,0x12,
  0x8,0xde,0x3,0xc0,
  0x0,0x6d,
  0x0,0x61,0x0,0x67,0x0,0x69,0x0,0x63,0x0,0x69,0x0,0x61,0x0,0x6e,0x0,0x53,0x0,0x75,0x0,0x63,0x0,0x74,0x0,0x69,0x0,0x6f,0x0,0x6e,0x0,0x43,0x0,0x75,
  0x0,0x70,
    // magicianLink3
  0x0,0xd,
  0x2,0xc9,0x36,0xc3,
  0x0,0x6d,
  0x0,0x61,0x0,0x67,0x0,0x69,0x0,0x63,0x0,0x69,0x0,0x61,0x0,0x6e,0x0,0x4c,0x0,0x69,0x0,0x6e,0x0,0x6b,0x0,0x33,
    // MagicianLink3.qml
  0x0,0x11,
  0x6,0x43,0xc6,0x5c,
  0x0,0x4d,
  0x0,0x61,0x0,0x67,0x0,0x69,0x0,0x63,0x0,0x69,0x0,0x61,0x0,0x6e,0x0,0x4c,0x0,0x69,0x0,0x6e,0x0,0x6b,0x0,0x33,0x0,0x2e,0x0,0x71,0x0,0x6d,0x0,0x6c,
  
    // MagicianSuctionCup.qml
  0x0,0x16,
  0x3,0xc2,0xec,0x3c,
  0x0,0x4d,
  0x0,0x61,0x0,0x67,0x0,0x69,0x0,0x63,0x0,0x69,0x0,0x61,0x0,0x6e,0x0,0x53,0x0,0x75,0x0,0x63,0x0,0x74,0x0,0x69,0x0,0x6f,0x0,0x6e,0x0,0x43,0x0,0x75,
  0x0,0x70,0x0,0x2e,0x0,0x71,0x0,0x6d,0x0,0x6c,
    // MagicianLink4.qml
  0x0,0x11,
  0x6,0x42,0xc6,0x5c,
  0x0,0x4d,
  0x0,0x61,0x0,0x67,0x0,0x69,0x0,0x63,0x0,0x69,0x0,0x61,0x0,0x6e,0x0,0x4c,0x0,0x69,0x0,0x6e,0x0,0x6b,0x0,0x34,0x0,0x2e,0x0,0x71,0x0,0x6d,0x0,0x6c,
  
    // MagicianLink2.qml
  0x0,0x11,
  0x6,0x40,0xc6,0x5c,
  0x0,0x4d,
  0x0,0x61,0x0,0x67,0x0,0x69,0x0,0x63,0x0,0x69,0x0,0x61,0x0,0x6e,0x0,0x4c,0x0,0x69,0x0,0x6e,0x0,0x6b,0x0,0x32,0x0,0x2e,0x0,0x71,0x0,0x6d,0x0,0x6c,
  
    // MagicianLink4_default.qml
  0x0,0x19,
  0x7,0xa6,0xf8,0x1c,
  0x0,0x4d,
  0x0,0x61,0x0,0x67,0x0,0x69,0x0,0x63,0x0,0x69,0x0,0x61,0x0,0x6e,0x0,0x4c,0x0,0x69,0x0,0x6e,0x0,0x6b,0x0,0x34,0x0,0x5f,0x0,0x64,0x0,0x65,0x0,0x66,
  0x0,0x61,0x0,0x75,0x0,0x6c,0x0,0x74,0x0,0x2e,0x0,0x71,0x0,0x6d,0x0,0x6c,
    // MagicianLink1.qml
  0x0,0x11,
  0x6,0x49,0xc6,0x5c,
  0x0,0x4d,
  0x0,0x61,0x0,0x67,0x0,0x69,0x0,0x63,0x0,0x69,0x0,0x61,0x0,0x6e,0x0,0x4c,0x0,0x69,0x0,0x6e,0x0,0x6b,0x0,0x31,0x0,0x2e,0x0,0x71,0x0,0x6d,0x0,0x6c,
  
    // MagicianBase.qml
  0x0,0x10,
  0x7,0xbe,0xe,0x5c,
  0x0,0x4d,
  0x0,0x61,0x0,0x67,0x0,0x69,0x0,0x63,0x0,0x69,0x0,0x61,0x0,0x6e,0x0,0x42,0x0,0x61,0x0,0x73,0x0,0x65,0x0,0x2e,0x0,0x71,0x0,0x6d,0x0,0x6c,
  
};

static const unsigned char qt_resource_struct[] = {
  // :
  0x0,0x0,0x0,0x0,0x0,0x2,0x0,0x0,0x0,0x1,0x0,0x0,0x0,0x1,
0x0,0x0,0x0,0x0,0x0,0x0,0x0,0x0,
  // :/content
  0x0,0x0,0x0,0x0,0x0,0x2,0x0,0x0,0x0,0x8,0x0,0x0,0x0,0x2,
0x0,0x0,0x0,0x0,0x0,0x0,0x0,0x0,
  // :/content/RoboticArm.ui.qml
  0x0,0x0,0x0,0x94,0x0,0x4,0x0,0x0,0x0,0x1,0x0,0x0,0x19,0xe2,
0x0,0x0,0x1,0x9a,0xb9,0x65,0x87,0x12,
  // :/content/Toggle.ui.qml
  0x0,0x0,0x0,0x74,0x0,0x0,0x0,0x0,0x0,0x1,0x0,0x0,0x15,0xda,
0x0,0x0,0x1,0x99,0xa3,0xf9,0x91,0x90,
  // :/content/meshes
  0x0,0x0,0x1,0x12,0x0,0x2,0x0,0x0,0x0,0x7,0x0,0x0,0x0,0xa,
0x0,0x0,0x0,0x0,0x0,0x0,0x0,0x0,
  // :/content/DobotArm.ui.qml
  0x0,0x0,0x0,0x14,0x0,0x0,0x0,0x0,0x0,0x1,0x0,0x0,0x0,0x0,
0x0,0x0,0x1,0x9a,0xa8,0x4b,0x31,0x59,
  // :/content/MainScreen.ui.qml
  0x0,0x0,0x0,0x4c,0x0,0x4,0x0,0x0,0x0,0x1,0x0,0x0,0xe,0xb6,
0x0,0x0,0x1,0x9a,0xb8,0xd9,0xd0,0xd8,
  // :/content/LabeledSlider.ui.qml
  0x0,0x0,0x0,0xe4,0x0,0x0,0x0,0x0,0x0,0x1,0x0,0x0,0x25,0x18,
0x0,0x0,0x1,0x99,0xa3,0xf9,0x91,0x90,
  // :/content/App.qml
  0x0,0x0,0x0,0x38,0x0,0x0,0x0,0x0,0x0,0x1,0x0,0x0,0xd,0x2d,
0x0,0x0,0x1,0x9a,0xb8,0xd9,0x9,0xe3,
  // :/content/NodeIndicator.qml
  0x0,0x0,0x0,0xbc,0x0,0x0,0x0,0x0,0x0,0x1,0x0,0x0,0x1f,0x43,
0x0,0x0,0x1,0x99,0xa3,0xf9,0x91,0x90,
  // :/content/meshes/magicianBase
  0x0,0x0,0x1,0x24,0x0,0x2,0x0,0x0,0x0,0x1,0x0,0x0,0x0,0x17,
0x0,0x0,0x0,0x0,0x0,0x0,0x0,0x0,
  // :/content/meshes/magicianLink1
  0x0,0x0,0x1,0x42,0x0,0x2,0x0,0x0,0x0,0x1,0x0,0x0,0x0,0x16,
0x0,0x0,0x0,0x0,0x0,0x0,0x0,0x0,
  // :/content/meshes/magicianLink2
  0x0,0x0,0x1,0x92,0x0,0x2,0x0,0x0,0x0,0x1,0x0,0x0,0x0,0x15,
0x0,0x0,0x0,0x0,0x0,0x0,0x0,0x0,
  // :/content/meshes/magicianLink3
  0x0,0x0,0x1,0xfc,0x0,0x2,0x0,0x0,0x0,0x1,0x0,0x0,0x0,0x14,
0x0,0x0,0x0,0x0,0x0,0x0,0x0,0x0,
  // :/content/meshes/magicianLink4
  0x0,0x0,0x1,0xb2,0x0,0x2,0x0,0x0,0x0,0x1,0x0,0x0,0x0,0x13,
0x0,0x0,0x0,0x0,0x0,0x0,0x0,0x0,
  // :/content/meshes/magicianLink4_default
  0x0,0x0,0x1,0x62,0x0,0x2,0x0,0x0,0x0,0x1,0x0,0x0,0x0,0x12,
0x0,0x0,0x0,0x0,0x0,0x0,0x0,0x0,
  // :/content/meshes/magicianSuctionCup
  0x0,0x0,0x1,0xd2,0x0,0x2,0x0,0x0,0x0,0x1,0x0,0x0,0x0,0x11,
0x0,0x0,0x0,0x0,0x0,0x0,0x0,0x0,
  // :/content/meshes/magicianSuctionCup/MagicianSuctionCup.qml
  0x0,0x0,0x2,0x44,0x0,0x0,0x0,0x0,0x0,0x1,0x0,0x0,0x2b,0xbd,
0x0,0x0,0x1,0x9a,0xa8,0x26,0x7a,0x14,
  // :/content/meshes/magicianLink4_default/MagicianLink4_default.qml
  0x0,0x0,0x2,0xc6,0x0,0x0,0x0,0x0,0x0,0x1,0x0,0x0,0x3b,0x71,
0x0,0x0,0x1,0x9a,0xa8,0x26,0x5,0x8d,
  // :/content/meshes/magicianLink4/MagicianLink4.qml
  0x0,0x0,0x2,0x76,0x0,0x0,0x0,0x0,0x0,0x1,0x0,0x0,0x2f,0x4,
0x0,0x0,0x1,0x9a,0xa8,0x25,0xbe,0xc6,
  // :/content/meshes/magicianLink3/MagicianLink3.qml
  0x0,0x0,0x2,0x1c,0x0,0x4,0x0,0x0,0x0,0x1,0x0,0x0,0x28,0xa4,
0x0,0x0,0x1,0x9a,0xa8,0x25,0x9b,0xd8,
  // :/content/meshes/magicianLink2/MagicianLink2.qml
  0x0,0x0,0x2,0x9e,0x0,0x4,0x0,0x0,0x0,0x1,0x0,0x0,0x35,0x99,
0x0,0x0,0x1,0x9a,0xa8,0x25,0x78,0x3c,
  // :/content/meshes/magicianLink1/MagicianLink1.qml
  0x0,0x0,0x2,0xfe,0x0,0x4,0x0,0x0,0x0,0x1,0x0,0x0,0x3e,0x7b,
0x0,0x0,0x1,0x9a,0xa8,0x25,0x3d,0x76,
  // :/content/meshes/magicianBase/MagicianBase.qml
  0x0,0x0,0x3,0x26,0x0,0x4,0x0,0x0,0x0,0x1,0x0,0x0,0x43,0x71,
0x0,0x0,0x1,0x9a,0xa9,0x3d,0x9a,0xcb,

};

#ifdef QT_NAMESPACE
#  define QT_RCC_PREPEND_NAMESPACE(name) ::QT_NAMESPACE::name
#  define QT_RCC_MANGLE_NAMESPACE0(x) x
#  define QT_RCC_MANGLE_NAMESPACE1(a, b) a##_##b
#  define QT_RCC_MANGLE_NAMESPACE2(a, b) QT_RCC_MANGLE_NAMESPACE1(a,b)
#  define QT_RCC_MANGLE_NAMESPACE(name) QT_RCC_MANGLE_NAMESPACE2( \
        QT_RCC_MANGLE_NAMESPACE0(name), QT_RCC_MANGLE_NAMESPACE0(QT_NAMESPACE))
#else
#   define QT_RCC_PREPEND_NAMESPACE(name) name
#   define QT_RCC_MANGLE_NAMESPACE(name) name
#endif

#if defined(QT_INLINE_NAMESPACE)
inline namespace QT_NAMESPACE {
#elif defined(QT_NAMESPACE)
namespace QT_NAMESPACE {
#endif

bool qRegisterResourceData(int, const unsigned char *, const unsigned char *, const unsigned char *);
bool qUnregisterResourceData(int, const unsigned char *, const unsigned char *, const unsigned char *);

#if defined(__ELF__) || defined(__APPLE__)
static inline unsigned char qResourceFeatureZstd()
{
    extern const unsigned char qt_resourceFeatureZstd;
    return qt_resourceFeatureZstd;
}
#else
unsigned char qResourceFeatureZstd();
#endif

#ifdef QT_NAMESPACE
}
#endif

int QT_RCC_MANGLE_NAMESPACE(qInitResources_robotarm_content_raw_qml_0)();
int QT_RCC_MANGLE_NAMESPACE(qInitResources_robotarm_content_raw_qml_0)()
{
    int version = 3;
    QT_RCC_PREPEND_NAMESPACE(qRegisterResourceData)
        (version, qt_resource_struct, qt_resource_name, qt_resource_data);
    return 1;
}

int QT_RCC_MANGLE_NAMESPACE(qCleanupResources_robotarm_content_raw_qml_0)();
int QT_RCC_MANGLE_NAMESPACE(qCleanupResources_robotarm_content_raw_qml_0)()
{
    int version = 3;
    version += QT_RCC_PREPEND_NAMESPACE(qResourceFeatureZstd());
    QT_RCC_PREPEND_NAMESPACE(qUnregisterResourceData)
       (version, qt_resource_struct, qt_resource_name, qt_resource_data);
    return 1;
}

#ifdef __clang__
#   pragma clang diagnostic push
#   pragma clang diagnostic ignored "-Wexit-time-destructors"
#endif

namespace {
   struct initializer {
       initializer() { QT_RCC_MANGLE_NAMESPACE(qInitResources_robotarm_content_raw_qml_0)(); }
       ~initializer() { QT_RCC_MANGLE_NAMESPACE(qCleanupResources_robotarm_content_raw_qml_0)(); }
   } dummy;
}

#ifdef __clang__
#   pragma clang diagnostic pop
#endif
